--
-- PostgreSQL database dump
--

SET statement_timeout = 0;
SET client_encoding = 'UTF8';
SET standard_conforming_strings = on;
SET check_function_bodies = false;
SET client_min_messages = warning;

--
-- Name: plpgsql; Type: EXTENSION; Schema: -; Owner: 
--

CREATE EXTENSION IF NOT EXISTS plpgsql WITH SCHEMA pg_catalog;


--
-- Name: EXTENSION plpgsql; Type: COMMENT; Schema: -; Owner: 
--

COMMENT ON EXTENSION plpgsql IS 'PL/pgSQL procedural language';


SET search_path = public, pg_catalog;

--
-- Name: permisos_pantallas; Type: TYPE; Schema: public; Owner: postgres
--

CREATE TYPE permisos_pantallas AS (
	pantalla character varying,
	referencia character varying
);


ALTER TYPE public.permisos_pantallas OWNER TO postgres;

--
-- Name: resumen_promedio_tickets; Type: TYPE; Schema: public; Owner: postgres
--

CREATE TYPE resumen_promedio_tickets AS (
	id_tecnico integer,
	tecnicos character varying,
	total_horas time without time zone,
	total_promedios_horas time without time zone,
	total_segundos double precision,
	total_promedios_segundos double precision
);


ALTER TYPE public.resumen_promedio_tickets OWNER TO postgres;

--
-- Name: resumen_ticket; Type: TYPE; Schema: public; Owner: postgres
--

CREATE TYPE resumen_ticket AS (
	id_ticket integer,
	descripcion_ticket character varying(103),
	fecha_hora timestamp without time zone,
	estatus character varying(20),
	tecnicos character varying,
	descripcion_ticket2 character varying(400),
	id_estatus integer
);


ALTER TYPE public.resumen_ticket OWNER TO postgres;

--
-- Name: auditoria(character varying, inet, character varying, character varying, integer, character varying); Type: FUNCTION; Schema: public; Owner: postgres
--

CREATE FUNCTION auditoria(character varying, inet, character varying, character varying, integer, character varying) RETURNS integer
    LANGUAGE plpgsql
    AS $_$
DECLARE
	v_usuario_sistema ALIAS FOR $1;
	v_ip ALIAS FOR $2;
	v_proceso_ejecutado ALIAS FOR $3;
	v_tabla_afectada ALIAS FOR $4;
	v_id_campo_tabla ALIAS FOR $5;
	v_descripcion_proceso ALIAS FOR $6;
	---
	v_fecha_hora timestamp without time zone;
	---
	BEGIN
		v_fecha_hora:= current_timestamp;
		--INSERTO EN LA TABLA AUDITORIA	
		INSERT INTO auditoria(
				usuario_sistema,
				ip,
				fecha_hora,
				proceso_ejecutado, 
				tabla_afectada,
				id_campo_tabla,
				descripcion_proceso)
		   VALUES (
				v_usuario_sistema,
				v_ip,
				v_fecha_hora,
				v_proceso_ejecutado,
				v_tabla_afectada,
				v_id_campo_tabla,
				v_descripcion_proceso
			   );
		   --------------------------------------
		   return 1;			
	END;
$_$;


ALTER FUNCTION public.auditoria(character varying, inet, character varying, character varying, integer, character varying) OWNER TO postgres;

--
-- Name: cerrar_tickets(character varying, character varying, inet); Type: FUNCTION; Schema: public; Owner: postgres
--

CREATE FUNCTION cerrar_tickets(character varying, character varying, inet) RETURNS integer
    LANGUAGE plpgsql
    AS $_$
DECLARE
    v_mes alias for $1;
    v_usuario alias for $2;
    v_ip alias for $3;
    v_fecha date;
    v_hora time;
    v_anio integer;
    v_fecha_hora_auditoria timestamp without time zone;
    --Para tickets-------------
    v_id_ticket integer;
    v_ticket_x_tecnico integer;
    v_tickets_cerrados integer;
   --Para apelaciones----------
    v_hay_apelacion integer;
    v_id_apelacion integer;
    v_apl_x_tecnico integer;
    v_apl_cerrados integer;
    v_id_apl integer;
    v_auditoria integer;
    ---------------------------
    v_pc boolean;
    v_sc boolean;
    ---------------------------
    RECORD_TICKET record;
    RECORD_APL record;
BEGIN
     v_fecha=current_date;
     v_hora=current_time;
     v_anio=extract(year from v_fecha);   
     ---------------------------
     --Recorro el ticket
     FOR RECORD_TICKET IN SELECT 
				id_ticket,
				fecha_creacion
			  FROM 
				tickets
			  WHERE
				substr(fecha_creacion::character varying,6,2)=v_mes
			  AND 
				extract(year from fecha_creacion)=v_anio	
     LOOP
     --------------------------
	v_id_ticket = RECORD_TICKET.id_ticket;
	------
	--Consulto cuantos tickets hay en tickets_x_tecnico(asignados a técnicos)
	SELECT  
		COUNT(*) 
	INTO 
		v_ticket_x_tecnico
	FROM
		tickets_x_tecnicos
	WHERE 
		id_ticket =v_id_ticket
	AND 
		id_estatus_x_tecnico!=8;			
	--Consulto cuantos tickets de los asignados estan cerrados
	SELECT  
		COUNT(*) 
	INTO 
		v_tickets_cerrados
	FROM
		tickets_x_tecnicos
	WHERE 
		id_ticket =v_id_ticket
	AND 
		id_estatus_x_tecnico=3;
	----------------------------------
	--Primera verificación:Verifico si la cantidad de tickets asignados es = tickets cerrados
	IF v_ticket_x_tecnico = v_tickets_cerrados  AND v_ticket_x_tecnico!=0 AND v_tickets_cerrados!=0 THEN
		v_pc=true;
	ELSE
		v_pc=false;	
	END IF;
	--
	---------------------------------
	--Consulto las apelaciones
	SELECT 
		COUNT(a.id_apelacion)
	INTO 
		v_hay_apelacion
	FROM 
		apelaciones a
	INNER JOIN
		tickets b
	ON
		a.id_ticket = b.id_ticket
	WHERE
		b.id_ticket = v_id_ticket
	AND 
		b.id_estatus !=4;
	----------------------------------------------------------------------------------------------------------------
	--Recorro la tabla de apelaciones para verificar que todas las apelaciones para ese ticket hallan sido asignadas
	FOR  RECORD_APL IN SELECT 
				a.id_apelacion
			  FROM 
				apelaciones a
			  INNER JOIN 
				tickets b
			  ON 
				a.id_ticket = b.id_ticket	
			  WHERE
				a.id_ticket = v_id_ticket
			  AND 
				b.id_estatus !=4
	LOOP
	----------//
		SELECT 
			COUNT(*)
		INTO 
			v_id_apl	
		FROM 
			apelaciones_x_tecnicos
		WHERE
			id_apelacion=RECORD_APL.id_apelacion;
		--Sale del ciclo si no tiene asi sea una apleación asignada para ese ticket	
		EXIT WHEN v_id_apl=0;
	----------//
	END LOOP;			
	----------------------------------------------------------------------------------------------------------------					
	--Consulto cuantas apelaciones hay asignadas a técnicos en apelaciones_x_tecnico
	SELECT  
		COUNT(a.id_apelacion_x_tecnico)
	INTO
		v_apl_x_tecnico
	FROM
		apelaciones_x_tecnicos a
	INNER JOIN 
		apelaciones b
	ON 
		a.id_apelacion=b.id_apelacion		
	WHERE 
		b.id_ticket=v_id_ticket
	AND 
		a.id_estatus_apelacion_x_tecnico!=8;
			
	--Consulto cuantas apelaciones de las asignados estan atendidas
	SELECT  
		COUNT(a.id_apelacion_x_tecnico) 
	INTO 
		v_apl_cerrados	
	FROM
		apelaciones_x_tecnicos a
	INNER JOIN 
		apelaciones b
	ON 
		a.id_apelacion=b.id_apelacion		
	WHERE 
		b.id_ticket=v_id_ticket
	AND 
		a.id_estatus_apelacion_x_tecnico=7;
	--Segunda verificiación: Verifico si la cantidad de apelaciones asignadas es = a la cantidad de apelaciones resueltas	
	--AND v_apl_x_tecnico!=0 AND v_apl_cerrados!=0
	IF v_apl_x_tecnico = v_apl_cerrados AND v_apl_x_tecnico!=0 AND v_apl_cerrados!=0 THEN
		v_sc=true;
	ELSE
		v_sc=false;	
	END IF;
	--	
	-------------------------------------------------------------------------------------------------
	--Verifico si se han cerrado y asignado la misma cantidad de tickets/ lo mismo con apelaciones
	--Si hay apelaciones
	IF v_hay_apelacion != 0 THEN
	----
	----Si primera validación es true y segunda validación es true( las apelaciones estan resueltas) y todas las apelaciones estan asignadas
	    IF v_pc=true and v_sc=true AND v_id_apl !=0 THEN
		UPDATE 
			tickets
		SET
			id_estatus=3,
			fecha_solucion=v_fecha,
			hora_solucion=v_hora
		WHERE
			id_ticket=v_id_ticket
		AND 
			id_estatus!=3;
	    END IF;
	-----
	--Si no hay apelacion solo realizo la primera verificación
	ELSE
	----
		IF v_pc=true THEN
			UPDATE 
				tickets
			SET
				id_estatus=3,
				fecha_solucion=v_fecha,
				hora_solucion=v_hora
			WHERE
				id_ticket=v_id_ticket
			AND 
				id_estatus!=3;
	        END IF;
	----    		
	END IF;
	 		
	-------------------------------------------------------------------------------------------------
     END LOOP;
     -----------------------------------------------------------------------------------------------------------------------------
     --//Bloque de Auditoria:
     v_auditoria:= auditoria(v_usuario,v_ip,'Cierre Tickets','tickets',0,'Ejecutó Inserción');
     ----------------------------------------------------------------------------------------------------------------------------
     return 1;	   
END
$_$;


ALTER FUNCTION public.cerrar_tickets(character varying, character varying, inet) OWNER TO postgres;

--
-- Name: consultar_estatus(integer, integer); Type: FUNCTION; Schema: public; Owner: postgres
--

CREATE FUNCTION consultar_estatus(integer, integer) RETURNS integer
    LANGUAGE plpgsql
    AS $_$
DECLARE
    v_id_ticket alias for $1;
    v_id_tecnico alias for $2;
    tecnicos_inactivos integer;
    tecnicos_activos integer;
BEGIN
	    --Consulto si el tecnico tiene estatus 8
	    SELECT
			count(*)
	    INTO 
			tecnicos_inactivos	
	    FROM 
			tickets_x_tecnicos
	    WHERE
			id_ticket=v_id_ticket
	    AND 
			id_tecnico=v_id_tecnico
	    AND 
			id_estatus_x_tecnico=8;
	    IF tecnicos_inactivos>0 THEN  
		return 1;
	    END IF;
	    SELECT
			count(*)
	    INTO 
			tecnicos_activos	
	    FROM 
			tickets_x_tecnicos
	    WHERE
			id_ticket=v_id_ticket
	    AND 
			id_tecnico=v_id_tecnico
	    AND 
			id_estatus_x_tecnico!=8;
	    IF tecnicos_activos>0 THEN  
		return 2;
	    END IF;					
	    return 0;
END
$_$;


ALTER FUNCTION public.consultar_estatus(integer, integer) OWNER TO postgres;

--
-- Name: consultar_permisos_acciones(integer, integer); Type: FUNCTION; Schema: public; Owner: postgres
--

CREATE FUNCTION consultar_permisos_acciones(integer, integer) RETURNS character varying[]
    LANGUAGE plpgsql
    AS $_$
DECLARE
v_id_pantalla ALIAS FOR $1;
v_cedula_tecnico ALIAS FOR $2;
v_existe_tecnico integer;
arreglo_permisos character varying[];
permisos_acciones permisos%ROWTYPE;
BEGIN
	--Verifico si existe el técnico
	SELECT 
		COUNT(*)
	INTO 
		v_existe_tecnico
	FROM 
		tecnicos
	WHERE 
		cedula=v_cedula_tecnico;
	--
	--Si existe consulto que acciones puede ejecutar el usuario en determinada pantalla
	IF v_existe_tecnico>0 THEN
	    SELECT 
		  *
	    INTO 
		  permisos_acciones
	    FROM 
		  permisos
	    INNER JOIN 
		  tecnicos
            ON 
		  permisos.id_tecnico = tecnicos.id_tecnico			
	    WHERE 
		  id_pantalla = v_id_pantalla
	    AND 
		  tecnicos.cedula = v_cedula_tecnico;
	    ----
	    --Asignando valores
	    arreglo_permisos[1]:='1';
	    arreglo_permisos[2]:=permisos_acciones.acceso;
	    arreglo_permisos[3]:=permisos_acciones.incluir;
	    arreglo_permisos[4]:=permisos_acciones.modificar;
	    arreglo_permisos[5]:=permisos_acciones.buscar;
	    arreglo_permisos[6]:=permisos_acciones.imprimir;
	    arreglo_permisos[7]:=permisos_acciones.eliminar;
	    arreglo_permisos[8]:=permisos_acciones.anular;			
	    ----
	ELSE
	    ----
	    --Asignando valores	
	    arreglo_permisos[1]:='0';
	    --    	  						
	END IF;	
	return arreglo_permisos;
END;	
$_$;


ALTER FUNCTION public.consultar_permisos_acciones(integer, integer) OWNER TO postgres;

--
-- Name: consultar_permisos_pantallas(integer); Type: FUNCTION; Schema: public; Owner: postgres
--

CREATE FUNCTION consultar_permisos_pantallas(integer) RETURNS SETOF permisos_pantallas
    LANGUAGE plpgsql
    AS $_$
DECLARE
v_cedula_tecnico ALIAS FOR $1;
--Variables Procesos
v_existe_tecnico integer;
v_pantalla character varying;
v_referencia character varying;
--Declaración de records
RECORD_PERMISOS record;
RECORD_PANTALLAS record;
BEGIN
--Consultar si el usuario es técnico
SELECT 
	COUNT(*)
INTO 
	v_existe_tecnico
FROM 
	tecnicos
WHERE 
	cedula=v_cedula_tecnico;
--Valido si es técnico
IF v_existe_tecnico>0 THEN
----------------------------------------
--Armo un for que recorra la tabla de permisos según técnico
	FOR RECORD_PERMISOS IN SELECT 
						a.pantalla,
						a.referencia
					FROM	
						pantallas a
					RIGHT JOIN 
						permisos b
					ON 
						b.id_pantalla =a.id_pantalla
					INNER JOIN 
						tecnicos c
					ON 
						b.id_tecnico=c.id_tecnico	
							
					WHERE
						c.cedula=v_cedula_tecnico
					AND 
						b.acceso=TRUE
					AND 
						a.tipo_pantalla=1	
					ORDER BY 
						a.id_pantalla	
	LOOP
	------------------------------------------------------------------------

		v_pantalla:=RECORD_PERMISOS.pantalla;
		v_referencia:=RECORD_PERMISOS.referencia;
		RETURN QUERY SELECT v_pantalla, v_referencia;
	------------------------------------------------------------------------
	END LOOP;							
----------------------------------------	
ELSE
--Armo ciclo que devuelva una estructura de permisos de pantallas comprendida por las pantallas básicas
	FOR RECORD_PANTALLAS IN SELECT 
						a.pantalla,
						a.referencia
				FROM	
						pantallas a
				WHERE
						a.id_pantalla<=3
	LOOP					
	--------------------------------------------------------
	v_pantalla:=RECORD_PANTALLAS.pantalla;
	v_referencia:=RECORD_PANTALLAS.referencia;					
	RETURN QUERY SELECT v_pantalla, v_referencia;
	-----------------------------------------------------------
	END LOOP;
END IF;
END;
$_$;


ALTER FUNCTION public.consultar_permisos_pantallas(integer) OWNER TO postgres;

--
-- Name: consultar_resumen_ticket(integer); Type: FUNCTION; Schema: public; Owner: postgres
--

CREATE FUNCTION consultar_resumen_ticket(integer) RETURNS SETOF resumen_ticket
    LANGUAGE plpgsql
    AS $_$
DECLARE
	v_cedula_usuario ALIAS FOR $1;
	v_id_ticket integer;
	v_descripcion_ticket character varying(103);
	v_fecha_hora timestamp without time zone;
	v_estatus character varying(20);
	v_tecnicos character varying;
	v_descripcion_ticket2 character varying(400);
	v_id_estatus integer;
	--
	v_tickets_asignados_tecnicos integer;
	v_tickets_cerrados integer;
	--
	RECORD_TICKET record;
	RECORD_TECNICOS record;
BEGIN
	--------------------------------------------------------------------------------------------------
	FOR RECORD_TICKET IN SELECT  
				id_ticket,
				(substring (a.descripcion,0,100)||'...') AS descripcion_ticket,
				(to_char(a.fecha_creacion,'YYYY-MM-DD')||' '||a.hora_creacion) AS fecha_hora,
				a.descripcion AS descripcion2,
				b.estatus AS estatus_ticket,
				a.id_estatus
				 FROM 
						tickets a
				 INNER JOIN 
						estatus b
				 ON
						b.id_estatus = a.id_estatus		
				 WHERE 
						a.cedula_usuario=v_cedula_usuario
				 AND
						a.id_estatus != 4		
				 ORDER BY 
						a.id_ticket DESC
	LOOP
	--------------------------------------------
	--------Paso 1: Asignar valores que vienen del query 
		v_id_ticket:=RECORD_TICKET.id_ticket;
		v_descripcion_ticket=RECORD_TICKET.descripcion_ticket;
		v_fecha_hora:=(RECORD_TICKET.fecha_hora::timestamp);
		v_descripcion_ticket2:=RECORD_TICKET.descripcion2;		
		v_tecnicos:='';
		v_id_estatus:=RECORD_TICKET.id_estatus;
	-------Paso 2: Definir estatus	
		v_estatus:=RECORD_TICKET.estatus_ticket;		
	-------Paso 3: Definir Técnicos asignados al ticket
		FOR RECORD_TECNICOS IN SELECT
					     a.nombres AS nombres_tecnico,
					     a.apellidos AS apellidos_tecnico,					     
					     a.cedula AS cedula_tecnico
				      FROM
					     tecnicos a
				      INNER JOIN
					     tickets_x_tecnicos b
				      ON  
					     a.id_tecnico=b.id_tecnico
				      WHERE
					     b.id_ticket=v_id_ticket
				      AND
					     b.id_estatus_x_tecnico!=8	
				      LOOP
		-----
		IF v_tecnicos =''THEN
			v_tecnicos:=RECORD_TECNICOS.nombres_tecnico||' '||RECORD_TECNICOS.apellidos_tecnico;	
		ELSE
			v_tecnicos:=v_tecnicos||', '||RECORD_TECNICOS.nombres_tecnico||' '||RECORD_TECNICOS.apellidos_tecnico;	
		END IF;
		-----
		END LOOP;	
	-------Paso 4: Devolver Query
		IF v_tecnicos ='' THEN
		   v_tecnicos:='No asignado';	
		END IF;	
		RETURN QUERY SELECT v_id_ticket, v_descripcion_ticket, v_fecha_hora, v_estatus,v_tecnicos,v_descripcion_ticket2,v_id_estatus;
	--------------------------------------------
	END LOOP;
	-----------------------------------------------------------------------------------------------------
END 				
$_$;


ALTER FUNCTION public.consultar_resumen_ticket(integer) OWNER TO postgres;

--
-- Name: eliminar_ticket(integer, character varying, inet); Type: FUNCTION; Schema: public; Owner: postgres
--

CREATE FUNCTION eliminar_ticket(integer, character varying, inet) RETURNS integer
    LANGUAGE plpgsql
    AS $_$
DECLARE
	v_id_ticket ALIAS FOR $1;
	v_usuario ALIAS FOR $2;
	v_ip ALIAS FOR $3;
	v_fecha_hora_auditoria 	timestamp without time zone;
	existe_ticket integer;
	existe_apelacion integer;
	v_auditoria integer;
	
BEGIN
	--Verifico si el ticket existe
	SELECT COUNT(*) INTO existe_ticket FROM tickets WHERE id_ticket=v_id_ticket;
	IF existe_ticket >0 THEN
		--Verifico si el ticket tiene apelacion
		SELECT 	COUNT(*) INTO existe_apelacion FROM apelaciones WHERE id_ticket=v_id_ticket;
			IF existe_apelacion=0 THEN 
				UPDATE
					tickets
				SET 
					id_estatus=4
				WHERE 
					id_ticket=v_id_ticket;
				-----------------------------------------------------------------------------------------------------
				--//Bloque de Auditoria:
				v_auditoria:= auditoria(v_usuario,v_ip,'Eliminar Ticket','tickets',v_id_ticket,'Ejecutó Eliminación');
				-----------------------------------------------------------------------------------------------------
				--
				return 1;--Modifico el estatus satisfactoriamente				
			ELSE
				return 2;--Tiene apelacion
		END IF;
		--
	ELSE
		return 0;--No existe
	END IF; 
		
END;
$_$;


ALTER FUNCTION public.eliminar_ticket(integer, character varying, inet) OWNER TO postgres;

--
-- Name: obtener_tiempo(double precision); Type: FUNCTION; Schema: public; Owner: postgres
--

CREATE FUNCTION obtener_tiempo(double precision) RETURNS character varying
    LANGUAGE plpgsql
    AS $_$
DECLARE
    total_segundos ALIAS FOR $1;
    tiempo double precision[];
    tiempo_total character varying[];
    hora_def character varying;
BEGIN
    --Realizando Calculos	
    tiempo[0]:=floor(total_segundos/3600);--Horas
    tiempo[1]:=floor((total_segundos-(tiempo[0]*3600))/60);--Minutos
    tiempo[2]:=total_segundos - (tiempo[0]*3600) - (tiempo[1]*60);
    --Configurando hora final
    tiempo_total[0]:= lpad(tiempo[0]::character varying,2 ,'0');--Horas
    tiempo_total[1]:= lpad(tiempo[1]::character varying,2 ,'0');--Minutos
    tiempo_total[2]:= lpad(tiempo[2]::character varying,2 ,'0');--Segundos
    hora_def:=tiempo_total[0]||':'||tiempo_total[1]||':'||tiempo_total[2];
    --
    return hora_def;
    --
END;
$_$;


ALTER FUNCTION public.obtener_tiempo(double precision) OWNER TO postgres;

--
-- Name: promedio_tickets(date, date); Type: FUNCTION; Schema: public; Owner: postgres
--

CREATE FUNCTION promedio_tickets(date, date) RETURNS SETOF resumen_promedio_tickets
    LANGUAGE plpgsql
    AS $_$
DECLARE	
   fecha_desde ALIAS for $1;
   fecha_hasta ALIAS for $2;	
   RECORD_TICKET record;
   tpra double precision;--Tiempo de primera respuesta
   acum_tpra double precision;--Acumulador del tiempo de primera respuesta
   fecha_prom double precision;
   v_nombre_tecnico character varying;
   v_id_tecnico integer;
   cont integer;
   id_ant integer;
   id_next integer;
   ejm character varying;
   tiempo_acumulado character varying;
   tiempo_promedio character varying;
BEGIN
    cont:=0;
    acum_tpra:=0;
    fecha_prom:=0;	
    FOR RECORD_TICKET IN SELECT
				c.id_tecnico,	
				(c.nombres||' '||c.apellidos) AS tecnico_asignado,
				((a.fecha_creacion::character varying)||' '||substr(a.hora_creacion::character varying,0,9)) AS tiempo_creacion2,
				((b.fecha_asignacion::character varying)||' '||substr(b.hora_asignacion::character varying,0,9)) AS tiempo_asignacion2,
				((b.fecha_cierre::character varying)||' '||substr(b.hora_cierre::character varying,0,9)) AS tiempo_primera_respuesta2
                         FROM 
				tickets a
			LEFT JOIN 
				tickets_x_tecnicos b
			ON 
				a.id_ticket=b.id_ticket
			LEFT JOIN 
				tecnicos c
			ON 
				b.id_tecnico = c.id_tecnico
			WHERE 
				id_estatus_x_tecnico=3
			AND	
				a.fecha_creacion >= fecha_desde
			AND 
				a.fecha_creacion <= fecha_hasta 
			order by 	
				c.nombres, c.apellidos, a.id_ticket	asc
   LOOP
	cont:=cont+1;
	IF cont=1 THEN 
	    id_ant:= RECORD_TICKET.id_tecnico;	
	END IF;
	id_next:= RECORD_TICKET.id_tecnico;
	SELECT INTO tpra restar_fechas(RECORD_TICKET.tiempo_primera_respuesta2,RECORD_TICKET.tiempo_asignacion2);
	IF id_next!=id_ant THEN
	---Bloque siguiente
	   --Si son diferentes realizo el calculo...
	   --fecha_prom:= acum_tpra/cont-1;	
	   fecha_prom:=acum_tpra/(cont-1);
	   --MUESTRO LA SUMATORIA
	   --Transformo de segundos a formato H:m:s	
	   SELECT INTO tiempo_acumulado obtener_tiempo(acum_tpra);
	   SELECT INTO tiempo_promedio obtener_tiempo(fecha_prom);	
	   ------------------------------------------------------
	    --Convertir de segundos a minutos	
	   fecha_prom:= fecha_prom/60;
	   acum_tpra:= acum_tpra/60;
	   ------------------------------------------------------
	   RETURN QUERY SELECT v_id_tecnico,v_nombre_tecnico,tiempo_acumulado::time,tiempo_promedio::time,acum_tpra,fecha_prom;
	   acum_tpra:=0;
	   fecha_prom:=0;
	   cont:=1;
	   acum_tpra := acum_tpra + tpra;
	   id_ant:=id_next;
	   v_id_tecnico:= RECORD_TICKET.id_tecnico;
	   v_nombre_tecnico:= RECORD_TICKET.tecnico_asignado;
	ELSE
	--Bloque continua mismo tecnico
	   acum_tpra := acum_tpra + tpra;
	   v_id_tecnico:= RECORD_TICKET.id_tecnico;
	   v_nombre_tecnico:= RECORD_TICKET.tecnico_asignado;
	END IF;
   END LOOP;	
--Para el ultimo registro igualmente se realiza el cálculo y se muestra ya que este no se visualiza dentro del ciclo
   fecha_prom:= acum_tpra/cont;
   ------------------------------------------------------	
   --Transformo de segundos a formato H:m:s
   SELECT INTO tiempo_acumulado obtener_tiempo(acum_tpra);
   SELECT INTO tiempo_promedio obtener_tiempo(fecha_prom);
   -------------------------------------------------------------------------------------------------------------------
   --Convertir de segundos a minutos	
   fecha_prom:= fecha_prom/60;
   acum_tpra:= acum_tpra/60;
   ----------------------------------------
   RETURN QUERY SELECT v_id_tecnico,v_nombre_tecnico,tiempo_acumulado::time,tiempo_promedio::time,acum_tpra,fecha_prom;						
---------------------------------------------------------------------------------------------------------------------
END;
$_$;


ALTER FUNCTION public.promedio_tickets(date, date) OWNER TO postgres;

--
-- Name: reg_solucion_apelacion(integer, character varying, integer, character varying, inet); Type: FUNCTION; Schema: public; Owner: postgres
--

CREATE FUNCTION reg_solucion_apelacion(integer, character varying, integer, character varying, inet) RETURNS integer
    LANGUAGE plpgsql
    AS $_$
DECLARE
    v_id_apl alias for $1;
    v_mensaje_apl alias for $2;
    v_cedula_tecnico alias for $3;
    v_usuario alias for $4;
    v_ip alias for $5;
    v_fecha date;
    v_hora time; 
    v_fecha_hora_auditoria timestamp without time zone;
    v_id_apelacion_x_tecnico integer;
    v_id_tecnico integer; 
    v_cuantos_apl integer;  
    ----
    v_auditoria integer;
    ----
BEGIN
     v_fecha=current_date;
     v_hora=current_time;
     --Consulta el id del tecnico
     SELECT id_tecnico INTO v_id_tecnico FROM tecnicos WHERE cedula =v_cedula_tecnico;	
     --verifico si existe la apelacion del ticket asignada para ese tecnico
     SELECT count(*)INTO v_cuantos_apl FROM apelaciones_x_tecnicos WHERE id_tecnico=v_id_tecnico AND id_apelacion=v_id_apl AND id_estatus_apelacion_x_tecnico!=8;
     IF v_cuantos_apl>0 THEN
       UPDATE 
		apelaciones_x_tecnicos
	SET 
		id_estatus_apelacion_x_tecnico=7,
		mensaje_solucion=v_mensaje_apl,
		fecha_solucion=v_fecha,
		hora_solucion=v_hora
	WHERE
		id_tecnico=v_id_tecnico 
	AND 
		id_apelacion=v_id_apl 
	AND 
		id_estatus_apelacion_x_tecnico!=8;
	-----------------------------------------------------
	---Consulto el id_apelacion_x_tecnico
	SELECT 
		id_apelacion_x_tecnico
	INTO
		v_id_apelacion_x_tecnico
	FROM 
		apelaciones_x_tecnicos
	WHERE	
		id_tecnico=v_id_tecnico 
	AND 
		id_apelacion=v_id_apl 
	AND 
		id_estatus_apelacion_x_tecnico=7;
	------------------------------------------------------------------------------------------------------------------------------------
	--//Bloque de Auditoria:
	v_auditoria:= auditoria(v_usuario,v_ip,'Solución Apelación','apelaciones_x_tecnicos',v_id_apelacion_x_tecnico,'Ejecutó Inserción');
	------------------------------------------------------------------------------------------------------------------------------------
	--Retorno valor
	return 1;
     ELSE
	return 0;					
     END IF;   	   
END
$_$;


ALTER FUNCTION public.reg_solucion_apelacion(integer, character varying, integer, character varying, inet) OWNER TO postgres;

--
-- Name: registrar_apelacion(integer, character varying, character varying, inet); Type: FUNCTION; Schema: public; Owner: postgres
--

CREATE FUNCTION registrar_apelacion(integer, character varying, character varying, inet) RETURNS integer[]
    LANGUAGE plpgsql
    AS $_$
DECLARE
	v_id_ticket ALIAS FOR $1;
	v_observacion ALIAS FOR $2;
	v_usuario ALIAS FOR $3;
	v_ip ALIAS FOR $4;
	existe_ticket integer;
	v_fecha_apelacion date;
	v_hora_apelacion time;
	v_fecha_hora_auditoria timestamp without time zone;
	v_id_apelacion integer;
	retorna integer[];
	v_auditoria integer;
BEGIN
	v_fecha_apelacion:=current_date;
	v_hora_apelacion:=current_time;
	SELECT count(*) INTO existe_ticket FROM tickets WHERE id_ticket = v_id_ticket;
	IF existe_ticket >0 THEN
		---Inserto la apelacion
		INSERT INTO 
			apelaciones
			(
				id_ticket,
				fecha_apelacion,
				hora_apelacion,
				observacion_apelacion
			)
			VALUES
			(
				v_id_ticket,
				v_fecha_apelacion,
				v_hora_apelacion,
				v_observacion
			);
		---Modifico la apelacion
		UPDATE 
			tickets
		SET
			id_estatus='5'
		WHERE
			id_ticket=v_id_ticket;
		--Devuelve un array en 1-> 1 si registro efectivamente, 2->el id de la apelación....
		SELECT
			MAX(id_apelacion)
		INTO 
			v_id_apelacion	
		FROM 
			apelaciones;
		---------------------------------------------------------------------------------------------------------------
		--//Bloque de Auditoria:
		v_auditoria:= auditoria(v_usuario,v_ip,'Registrar Apelación','apelaciones',v_id_apelacion,'Ejecutó Inserción');
		---------------------------------------------------------------------------------------------------------------
		retorna[1]:=1;
		retorna[2]:=v_id_apelacion;
		--Valor retorno...				
		RETURN retorna;				
	END IF;
	retorna[1]=0;
	RETURN retorna; 
END;
$_$;


ALTER FUNCTION public.registrar_apelacion(integer, character varying, character varying, inet) OWNER TO postgres;

--
-- Name: registrar_apelacion_tecnico(integer, integer, integer, integer, character varying, inet); Type: FUNCTION; Schema: public; Owner: postgres
--

CREATE FUNCTION registrar_apelacion_tecnico(integer, integer, integer, integer, character varying, inet) RETURNS integer
    LANGUAGE plpgsql
    AS $_$
DECLARE
    v_id_ticket alias for $1;
    v_id_tecnico alias for $2;
    v_id_apelacion alias for $3;
    v_estado alias for $4;
    v_usuario alias for $5;
    v_ip alias for $6;
    v_fecha date;
    v_hora time;
    asignados integer;
    asignados_eliminados integer;
    --Auditoria
    v_proceso character varying;
    v_desc_proceso character varying;
    v_fecha_hora_auditoria timestamp without time zone;
    v_id_apelacion_x_tecnico integer;
    v_auditoria integer;
    --
BEGIN
    --
    v_fecha=current_date;
    v_hora=current_time;
    --
   SELECT count(*) INTO asignados FROM apelaciones_x_tecnicos WHERE id_tecnico=v_id_tecnico AND id_apelacion=v_id_apelacion AND id_estatus_apelacion_x_tecnico!='8';
    ---Dos bloques segun las marcas del check
    IF asignados = 0 AND v_estado = 1 THEN
    -------SI FUE MARCADO-----------------------------------------------------------
		INSERT INTO 
			apelaciones_x_tecnicos(
					id_apelacion,
					id_tecnico,
					fecha_asignacion_apelacion, 
					hora_asignacion_apelacion,
					id_estatus_apelacion_x_tecnico)
		VALUES (
					v_id_apelacion,
					v_id_tecnico,
					v_fecha,
					v_hora,
					'6'						
		);
		----------------------------------------------------------
		--Consulto el último id_apelaciones_x_tecnicos registrado
		SELECT
			MAX(id_apelacion_x_tecnico)
		INTO 
			v_id_apelacion_x_tecnico	
		FROM 
			apelaciones_x_tecnicos
		WHERE 
			id_tecnico=v_id_tecnico 
		AND 
			id_apelacion=v_id_apelacion 
		AND 
			id_estatus_apelacion_x_tecnico!='8';	
	      -----------------------------------------------------------------------------------------------------------------------------------
	      --//Bloque de Auditoria:
	      v_auditoria:= auditoria(v_usuario,v_ip,'Asignar apelación','apelaciones_x_tecnicos',v_id_apelacion_x_tecnico,'Ejecutó Inserción');
	      -----------------------------------------------------------------------------------------------------------------------------------
     -------SI FUE DESMARCADO--------------------------------------------------
     ELSE IF asignados>0 AND v_estado = 0 THEN
	     UPDATE
			apelaciones_x_tecnicos
	     SET
			id_estatus_apelacion_x_tecnico ='8'
	     WHERE 
			id_tecnico=v_id_tecnico 
	     AND 
			id_apelacion=v_id_apelacion 
	     AND 
	                id_estatus_apelacion_x_tecnico!='8'
	     AND 
			id_estatus_apelacion_x_tecnico!='7';	
	    ----------------------------------------------------------
	    --Consulto el último id_apelaciones_x_tecnicos registrado
		SELECT
			MAX(id_apelacion_x_tecnico)
		INTO 
			v_id_apelacion_x_tecnico	
		FROM 
			apelaciones_x_tecnicos
		WHERE 
			id_tecnico=v_id_tecnico 
		AND 
			id_apelacion=v_id_apelacion 
		AND 
			id_estatus_apelacion_x_tecnico='8';	
	    -----------------------------------------------------------------------------------------------------------------------------------
	    --//Bloque de Auditoria:
	    v_auditoria:= auditoria(v_usuario,v_ip,'Revocar apelación','apelaciones_x_tecnicos',v_id_apelacion_x_tecnico,'Ejecutó Anulación');
	    -----------------------------------------------------------------------------------------------------------------------------------            	
    END IF;	
    END IF; 	
  return 1;
END
$_$;


ALTER FUNCTION public.registrar_apelacion_tecnico(integer, integer, integer, integer, character varying, inet) OWNER TO postgres;

--
-- Name: registrar_solicitud_ticket(character varying, integer, character varying, character varying, character varying, inet); Type: FUNCTION; Schema: public; Owner: postgres
--

CREATE FUNCTION registrar_solicitud_ticket(character varying, integer, character varying, character varying, character varying, inet) RETURNS integer[]
    LANGUAGE plpgsql
    AS $_$
DECLARE
	v_desc_ticket ALIAS FOR $1;
	v_cedula ALIAS FOR $2;
	v_nombres ALIAS FOR $3;
	v_correo ALIAS FOR $4;
	v_usuario ALIAS FOR $5;
	v_ip ALIAS FOR $6;
	retorno integer[];
	v_id_ticket integer;
	v_fecha date;
	v_hora time;
	v_auditoria integer;
BEGIN
	--Obtengo la fecha y hora del sistema
	v_fecha:=CURRENT_DATE;
	v_hora:=CURRENT_TIME;
	--Registro el ticket
	INSERT 
		INTO
			tickets
		(
			descripcion,
			fecha_creacion,
			hora_creacion,
			cedula_usuario,
			id_estatus,
			nombres_apellidos,
			correo_electronico_usuario 
		)
		VALUES
		(
			v_desc_ticket,
			v_fecha,
			v_hora,
			v_cedula,
			'1',
			v_nombres,
			v_correo
		);
		
	--Consulto el max id, para obtener el id del ticket
	SELECT
		MAX(id_ticket)
	INTO 
		v_id_ticket	
	FROM 
		tickets;
	-----------------------------------------------------------------------------------------------------
	--//Bloque de Auditoria:
	v_auditoria:= auditoria(v_usuario,v_ip,'Registrar Ticket','tickets',v_id_ticket,'Ejecutó Inserción');
	-----------------------------------------------------------------------------------------------------
	retorno[1]:=1;
	retorno[2]:=v_id_ticket;
	return retorno;
END;
$_$;


ALTER FUNCTION public.registrar_solicitud_ticket(character varying, integer, character varying, character varying, character varying, inet) OWNER TO postgres;

--
-- Name: registrar_solucion_ticket(); Type: FUNCTION; Schema: public; Owner: postgres
--

CREATE FUNCTION registrar_solucion_ticket() RETURNS date
    LANGUAGE plpgsql
    AS $$
DECLARE
 
    v_fecha date;
    v_hora time;    
BEGIN
     v_fecha=current_date;
     v_hora=current_time;
     return v_fecha;	   
END
$$;


ALTER FUNCTION public.registrar_solucion_ticket() OWNER TO postgres;

--
-- Name: registrar_solucion_ticket(integer, character varying, integer, character varying, inet); Type: FUNCTION; Schema: public; Owner: postgres
--

CREATE FUNCTION registrar_solucion_ticket(integer, character varying, integer, character varying, inet) RETURNS integer
    LANGUAGE plpgsql
    AS $_$
DECLARE
    v_id_ticket alias for $1;
    v_mensaje_ticket alias for $2;
    v_cedula_tecnico alias for $3;
    v_usuario alias for $4;
    v_ip alias for $5;
    v_fecha date;
    v_hora time; 
    v_fecha_hora_auditoria timestamp without time zone;
    v_id_tecnico integer; 
    v_cuantos_tk integer;
    --
    v_id_ticket_x_tecnico integer;
    v_auditoria integer;
    --  
BEGIN
     v_fecha=current_date;
     v_hora=current_time;
     --Consulta el id del tecnico
     SELECT id_tecnico INTO v_id_tecnico FROM tecnicos WHERE cedula =v_cedula_tecnico;	
     --verifico si existe el ticket
     SELECT count(*)INTO v_cuantos_tk FROM tickets_x_tecnicos WHERE id_tecnico=v_id_tecnico AND id_ticket=v_id_ticket AND id_estatus_x_tecnico!=8;
     IF v_cuantos_tk>0 THEN
       UPDATE 
		tickets_x_tecnicos
	SET 
		id_estatus_x_tecnico=3,
		mensaje_solucion_atencion=v_mensaje_ticket,
		fecha_cierre=v_fecha,
		hora_cierre=v_hora
	WHERE
		id_tecnico=v_id_tecnico 
	AND 
		id_ticket=v_id_ticket 
	AND 
		id_estatus_x_tecnico!=8;
	------------------------------------------------------------------------------------
	--Selecciono el max id_tickets_x_tecnico
	SELECT 
		id_ticket_x_tecnico
	INTO 
		v_id_ticket_x_tecnico
	FROM 
		tickets_x_tecnicos
	WHERE 
		id_tecnico=v_id_tecnico 
	AND 
		id_ticket=v_id_ticket 
	AND 
		id_estatus_x_tecnico=3;
	
		-----------------------------------------------------------------------------------------------------------------------------
		--//Bloque de Auditoria:
		v_auditoria:= auditoria(v_usuario,v_ip,'Solución ticket','tickets_x_tecnico',v_id_ticket_x_tecnico,'Ejecutó Inserción');
		-----------------------------------------------------------------------------------------------------------------------------
	return 1;
     ELSE
	return 0;					
     END IF;   	   
END
$_$;


ALTER FUNCTION public.registrar_solucion_ticket(integer, character varying, integer, character varying, inet) OWNER TO postgres;

--
-- Name: registrar_sugerencias(character varying, integer, character varying, inet); Type: FUNCTION; Schema: public; Owner: postgres
--

CREATE FUNCTION registrar_sugerencias(character varying, integer, character varying, inet) RETURNS integer
    LANGUAGE plpgsql
    AS $_$
DECLARE
v_descripcion_sugerencia ALIAS FOR $1;
v_cedula_usuario ALIAS FOR $2;
v_usuario ALIAS FOR $3;
v_ip ALIAS FOR $4;
v_fecha_hora_auditoria timestamp without time zone;
v_id_sugerencia integer;
v_auditoria integer;
BEGIN
	--Inserto la sugerencia en la tabla sugerencias
	INSERT 
		INTO 
			sugerencias
			(
				sugerencia,
				cedula
			)
	VALUES 
			(
				v_descripcion_sugerencia,
				v_cedula_usuario
			);	
	--Consulto el id de la sugerencia
	SELECT
		MAX(id_sugerencia)
	INTO 
		v_id_sugerencia	
	FROM 
		sugerencias;
	-----------------------------------------------------------------------------------------------------
	--//Bloque de Auditoria:
	v_auditoria:= auditoria(v_usuario,v_ip,'Registrar Sugerencia','sugerencias',v_id_sugerencia,'Ejecutó Inserción');
	-----------------------------------------------------------------------------------------------------
	---	
	RETURN 1;	
END;
$_$;


ALTER FUNCTION public.registrar_sugerencias(character varying, integer, character varying, inet) OWNER TO postgres;

--
-- Name: registrar_tecnicos(integer, integer, integer, character varying, inet); Type: FUNCTION; Schema: public; Owner: postgres
--

CREATE FUNCTION registrar_tecnicos(integer, integer, integer, character varying, inet) RETURNS integer
    LANGUAGE plpgsql
    AS $_$
DECLARE
    v_id_tecnico ALIAS FOR $1;
    v_id_ticket ALIAS FOR $2;
    caso ALIAS FOR $3;
    v_usuario ALIAS FOR $4;
    v_ip ALIAS FOR $5;
    v_fecha date;
    v_hora time;
    v_fecha_hora_auditoria timestamp without time zone;
    asignados integer;
    rev integer;
    --
    v_id_ticket_x_tecnico integer;
    --
    --Auditoria
    v_proceso character varying;
    v_desc_proceso character varying; 
    v_auditoria integer;
    --
BEGIN
    ---
    v_fecha = current_date;
    v_hora = current_time;
    ---
    --Consulto si esos usuarios no han sido asignados	
    SELECT count(*) INTO asignados FROM tickets_x_tecnicos WHERE id_tecnico=v_id_tecnico AND id_ticket=v_id_ticket AND id_estatus_x_tecnico!='8';
    IF asignados=0 and caso=1 THEN
	--Si el usuario no ha sido asignado para ese ticket, se asigna	
	INSERT INTO 
		tickets_x_tecnicos(
					id_ticket,
					id_tecnico,
					fecha_asignacion, 
					hora_asignacion,
					id_estatus_x_tecnico)
		VALUES (
					v_id_ticket,
					v_id_tecnico,
					v_fecha,
					v_hora,
					'2'						
		);
	--Modifico la tabla tickets colocando estatus asignado
	UPDATE tickets
	    SET
		id_estatus=2
	WHERE 
		id_ticket=v_id_ticket;
	--
	--Proceso para auditoria
	v_proceso:='Asignar Ticket';
	v_desc_proceso:='Ejecutó Inserción';	
    ELSE		
    IF 	asignados>0 and caso=2 THEN
	--si el usuario existe y fue asignado se inhabilita
	UPDATE
		tickets_x_tecnicos
	SET 
		id_estatus_x_tecnico = '8'
	WHERE 
		id_tecnico=v_id_tecnico
	AND 
		id_ticket=v_id_ticket
	AND 
		id_estatus_x_tecnico!='8';
	--Proceso para auditoria
	v_proceso:='Revocar Ticket';
	v_desc_proceso:='Ejecutó Eliminación';
	--Si se llega a definir que al ser anulado un ticket se anule la aṕelación:rev:=revocar_tecnico_ticket(v_id_tecnico, v_id_ticket);	
    END IF;	
    END IF;
	------------------------------------------------------------------------------------
	--Selecciono el max id_tickets_x_tecnico
	SELECT 
		id_ticket_x_tecnico
	INTO 
		v_id_ticket_x_tecnico
	FROM 
		tickets_x_tecnicos
	WHERE 
		id_tecnico=v_id_tecnico
	AND 
		id_ticket=v_id_ticket;	
	---------------------------------------------------------------------------------------------------------------
	--//Bloque de Auditoria:
	v_auditoria:= auditoria(v_usuario,v_ip,v_proceso,'tickets_x_tecnicos',v_id_ticket_x_tecnico,v_desc_proceso);
	---------------------------------------------------------------------------------------------------------------
	return 1;			
	
END
$_$;


ALTER FUNCTION public.registrar_tecnicos(integer, integer, integer, character varying, inet) OWNER TO postgres;

--
-- Name: registrar_tecnicos_asignacion(integer, integer, date, time without time zone, integer); Type: FUNCTION; Schema: public; Owner: postgres
--

CREATE FUNCTION registrar_tecnicos_asignacion(integer, integer, date, time without time zone, integer) RETURNS integer
    LANGUAGE plpgsql
    AS $_$
DECLARE
    v_id_tecnico alias for $1;
    v_id_ticket alias for $2;
    v_fecha alias for $3;
    v_hora alias for $4;
    caso alias for $5;
    asignados integer;
    asignados_tickets integer;
BEGIN
	    --Consulto si esos usuarios no han sido asignados	
	    SELECT count(*) INTO asignados FROM tickets_x_tecnicos WHERE id_tecnico=v_id_tecnico AND id_ticket=v_id_ticket AND id_estatus_x_tecnico!='8';
	    IF asignados=0 THEN
		--Si el usuario no ha sido asignado para ese ticket, se asigna	
		INSERT INTO 
			tickets_x_tecnicos(
						id_ticket,
						id_tecnico,
						fecha_asignacion, 
						hora_asignacion,
						id_estatus_x_tecnico)
			VALUES (
						v_id_ticket,
						v_id_tecnico,
						v_fecha,
						v_hora,
						'2'						
			);
	     END IF;
RETURN 1;
END
$_$;


ALTER FUNCTION public.registrar_tecnicos_asignacion(integer, integer, date, time without time zone, integer) OWNER TO postgres;

--
-- Name: restar_fechas(character varying, character varying); Type: FUNCTION; Schema: public; Owner: postgres
--

CREATE FUNCTION restar_fechas(character varying, character varying) RETURNS double precision
    LANGUAGE plpgsql
    AS $_$
DECLARE
fecha1 ALIAS for $1;
fecha2 ALIAS for $2;
fecha_result double precision;
BEGIN
     SELECT into fecha_result  EXTRACT(EPOCH FROM(fecha1::timestamp - fecha2::timestamp)::interval);
     return fecha_result;		
END;
$_$;


ALTER FUNCTION public.restar_fechas(character varying, character varying) OWNER TO postgres;

--
-- Name: revocar_tecnico_ticket(integer, integer); Type: FUNCTION; Schema: public; Owner: postgres
--

CREATE FUNCTION revocar_tecnico_ticket(integer, integer) RETURNS integer
    LANGUAGE plpgsql
    AS $_$
DECLARE
	v_id_tecnico ALIAS for $1;
	v_id_ticket ALIAS for $2;
	v_cuantos_txt integer;
	v_cuantos_apl integer;
	RECORD_APELACIONES record;	
BEGIN
	--1:Apelaciones
	FOR RECORD_APELACIONES IN SELECT 
						b.id_apelacion
					FROM 
						tickets a
					INNER JOIN 
						apelaciones b
					ON 
						b.id_ticket = a.id_ticket
					INNER JOIN
						apelaciones_x_tecnicos c
					ON 
						c.id_apelacion = b.id_apelacion		
					WHERE
						a.id_ticket=v_id_ticket
					AND 
						c.id_tecnico=v_id_tecnico
					AND
						id_estatus_apelacion_x_tecnico!=8
	LOOP
	----------
		 UPDATE
			apelaciones_x_tecnicos 
		     SET
			id_estatus_apelacion_x_tecnico=8
		     WHERE
			id_apelacion=RECORD_APELACIONES.id_apelacion
		     AND 
			id_tecnico=v_id_tecnico
		     AND
			id_estatus_apelacion_x_tecnico!=8;
	----------
	END LOOP;					
	--2:Tickets:
	--Verifico si el tecnico tiene tickets asgnados en la tabla tickets_x_tecnicos
	SELECT 
		count(*)
	INTO 
		v_cuantos_txt
	FROM 
		tickets_x_tecnicos a
	WHERE
		a.id_ticket=v_id_ticket
	AND 
		a.id_tecnico=v_id_tecnico
	AND 
		a.id_estatus_x_tecnico!=8;
	-- Si tiene tickets
	IF v_cuantos_txt >0 THEN
	     UPDATE
		tickets_x_tecnicos
	     SET
		id_estatus_x_tecnico=8
	     WHERE
		id_ticket=v_id_ticket
	     AND 
		id_tecnico=v_id_tecnico
	     AND
		id_estatus_x_tecnico!=8;
	END IF;				--Si no hay novedades
	RETURN 1;
END 				
$_$;


ALTER FUNCTION public.revocar_tecnico_ticket(integer, integer) OWNER TO postgres;

SET default_tablespace = '';

SET default_with_oids = false;

--
-- Name: apelaciones; Type: TABLE; Schema: public; Owner: postgres; Tablespace: 
--

CREATE TABLE apelaciones (
    id_apelacion integer NOT NULL,
    id_ticket integer,
    fecha_apelacion date,
    hora_apelacion time without time zone,
    observacion_apelacion character varying(400)
);


ALTER TABLE public.apelaciones OWNER TO postgres;

--
-- Name: apelaciones_id_apelacion_seq; Type: SEQUENCE; Schema: public; Owner: postgres
--

CREATE SEQUENCE apelaciones_id_apelacion_seq
    START WITH 1
    INCREMENT BY 1
    MINVALUE 0
    NO MAXVALUE
    CACHE 1;


ALTER TABLE public.apelaciones_id_apelacion_seq OWNER TO postgres;

--
-- Name: apelaciones_id_apelacion_seq; Type: SEQUENCE OWNED BY; Schema: public; Owner: postgres
--

ALTER SEQUENCE apelaciones_id_apelacion_seq OWNED BY apelaciones.id_apelacion;


--
-- Name: apelaciones_x_tecnicos; Type: TABLE; Schema: public; Owner: postgres; Tablespace: 
--

CREATE TABLE apelaciones_x_tecnicos (
    id_apelacion_x_tecnico integer NOT NULL,
    id_apelacion integer,
    id_tecnico integer,
    fecha_solucion date,
    hora_solucion time without time zone,
    mensaje_solucion character varying(400),
    fecha_asignacion_apelacion date,
    hora_asignacion_apelacion time without time zone,
    id_estatus_apelacion_x_tecnico integer
);


ALTER TABLE public.apelaciones_x_tecnicos OWNER TO postgres;

--
-- Name: apelaciones_x_tecnicos_id_apelacion_x_tecnico_seq; Type: SEQUENCE; Schema: public; Owner: postgres
--

CREATE SEQUENCE apelaciones_x_tecnicos_id_apelacion_x_tecnico_seq
    START WITH 1
    INCREMENT BY 1
    MINVALUE 0
    NO MAXVALUE
    CACHE 1;


ALTER TABLE public.apelaciones_x_tecnicos_id_apelacion_x_tecnico_seq OWNER TO postgres;

--
-- Name: apelaciones_x_tecnicos_id_apelacion_x_tecnico_seq; Type: SEQUENCE OWNED BY; Schema: public; Owner: postgres
--

ALTER SEQUENCE apelaciones_x_tecnicos_id_apelacion_x_tecnico_seq OWNED BY apelaciones_x_tecnicos.id_apelacion_x_tecnico;


--
-- Name: areas_solucion; Type: TABLE; Schema: public; Owner: postgres; Tablespace: 
--

CREATE TABLE areas_solucion (
    id_area_solucion integer NOT NULL,
    nombre_area_solucion character varying(70),
    descripcion_area_solucion character varying(200),
    telefono_principal character varying(15),
    telefono_alternativo character varying(15),
    id_estatus integer
);


ALTER TABLE public.areas_solucion OWNER TO postgres;

--
-- Name: areas_solucion_id_area_solucion_seq; Type: SEQUENCE; Schema: public; Owner: postgres
--

CREATE SEQUENCE areas_solucion_id_area_solucion_seq
    START WITH 1
    INCREMENT BY 1
    NO MINVALUE
    NO MAXVALUE
    CACHE 1;


ALTER TABLE public.areas_solucion_id_area_solucion_seq OWNER TO postgres;

--
-- Name: areas_solucion_id_area_solucion_seq; Type: SEQUENCE OWNED BY; Schema: public; Owner: postgres
--

ALTER SEQUENCE areas_solucion_id_area_solucion_seq OWNED BY areas_solucion.id_area_solucion;


--
-- Name: auditoria; Type: TABLE; Schema: public; Owner: postgres; Tablespace: 
--

CREATE TABLE auditoria (
    id_auditoria integer NOT NULL,
    usuario_sistema character varying(25),
    ip inet,
    fecha_hora timestamp without time zone,
    proceso_ejecutado character varying(20),
    tabla_afectada character varying(30),
    id_campo_tabla integer,
    descripcion_proceso character varying(200)
);


ALTER TABLE public.auditoria OWNER TO postgres;

--
-- Name: TABLE auditoria; Type: COMMENT; Schema: public; Owner: postgres
--

COMMENT ON TABLE auditoria IS 'ejecutó inserción
ejecutó eliminación
ejecutó modificación
ejecutó reporte ';


--
-- Name: auditoria_id_auditoria_seq; Type: SEQUENCE; Schema: public; Owner: postgres
--

CREATE SEQUENCE auditoria_id_auditoria_seq
    START WITH 1
    INCREMENT BY 1
    MINVALUE 0
    NO MAXVALUE
    CACHE 1;


ALTER TABLE public.auditoria_id_auditoria_seq OWNER TO postgres;

--
-- Name: auditoria_id_auditoria_seq; Type: SEQUENCE OWNED BY; Schema: public; Owner: postgres
--

ALTER SEQUENCE auditoria_id_auditoria_seq OWNED BY auditoria.id_auditoria;


--
-- Name: departamentos_id_departamento_seq; Type: SEQUENCE; Schema: public; Owner: postgres
--

CREATE SEQUENCE departamentos_id_departamento_seq
    START WITH 1
    INCREMENT BY 1
    NO MINVALUE
    MAXVALUE 32767
    CACHE 1;


ALTER TABLE public.departamentos_id_departamento_seq OWNER TO postgres;

--
-- Name: departamentos; Type: TABLE; Schema: public; Owner: postgres; Tablespace: 
--

CREATE TABLE departamentos (
    id_departamento smallint DEFAULT nextval('departamentos_id_departamento_seq'::regclass) NOT NULL,
    departamento character varying(100),
    telefono_principal character varying(15),
    telefono_alternativo character varying(15)
);


ALTER TABLE public.departamentos OWNER TO postgres;

--
-- Name: estatus; Type: TABLE; Schema: public; Owner: postgres; Tablespace: 
--

CREATE TABLE estatus (
    id_estatus integer NOT NULL,
    estatus character varying(50)
);


ALTER TABLE public.estatus OWNER TO postgres;

--
-- Name: estatus_id_estatus_seq; Type: SEQUENCE; Schema: public; Owner: postgres
--

CREATE SEQUENCE estatus_id_estatus_seq
    START WITH 1
    INCREMENT BY 1
    NO MINVALUE
    NO MAXVALUE
    CACHE 1;


ALTER TABLE public.estatus_id_estatus_seq OWNER TO postgres;

--
-- Name: estatus_id_estatus_seq; Type: SEQUENCE OWNED BY; Schema: public; Owner: postgres
--

ALTER SEQUENCE estatus_id_estatus_seq OWNED BY estatus.id_estatus;


--
-- Name: pantallas; Type: TABLE; Schema: public; Owner: postgres; Tablespace: 
--

CREATE TABLE pantallas (
    id_pantalla integer NOT NULL,
    pantalla character varying(45) NOT NULL,
    referencia character varying,
    tipo_pantalla integer
);


ALTER TABLE public.pantallas OWNER TO postgres;

--
-- Name: COLUMN pantallas.referencia; Type: COMMENT; Schema: public; Owner: postgres
--

COMMENT ON COLUMN pantallas.referencia IS 'campo creado para identificar cada pantalla dentro del menú principal';


--
-- Name: pantallas_id_pantalla_seq; Type: SEQUENCE; Schema: public; Owner: postgres
--

CREATE SEQUENCE pantallas_id_pantalla_seq
    START WITH 1
    INCREMENT BY 1
    NO MINVALUE
    NO MAXVALUE
    CACHE 1;


ALTER TABLE public.pantallas_id_pantalla_seq OWNER TO postgres;

--
-- Name: pantallas_id_pantalla_seq; Type: SEQUENCE OWNED BY; Schema: public; Owner: postgres
--

ALTER SEQUENCE pantallas_id_pantalla_seq OWNED BY pantallas.id_pantalla;


--
-- Name: perfil_tecnico; Type: TABLE; Schema: public; Owner: postgres; Tablespace: 
--

CREATE TABLE perfil_tecnico (
    id_perfil_tecnico smallint NOT NULL,
    perfil_tecnico character varying(35),
    id_estatus integer
);


ALTER TABLE public.perfil_tecnico OWNER TO postgres;

--
-- Name: perfil_tecnico_id_perfil_tecnico_seq; Type: SEQUENCE; Schema: public; Owner: postgres
--

CREATE SEQUENCE perfil_tecnico_id_perfil_tecnico_seq
    START WITH 1
    INCREMENT BY 1
    NO MINVALUE
    NO MAXVALUE
    CACHE 1;


ALTER TABLE public.perfil_tecnico_id_perfil_tecnico_seq OWNER TO postgres;

--
-- Name: perfil_tecnico_id_perfil_tecnico_seq; Type: SEQUENCE OWNED BY; Schema: public; Owner: postgres
--

ALTER SEQUENCE perfil_tecnico_id_perfil_tecnico_seq OWNED BY perfil_tecnico.id_perfil_tecnico;


--
-- Name: permisos; Type: TABLE; Schema: public; Owner: postgres; Tablespace: 
--

CREATE TABLE permisos (
    id_permiso integer NOT NULL,
    id_pantalla integer,
    acceso boolean,
    incluir boolean,
    modificar boolean,
    buscar boolean,
    imprimir boolean,
    eliminar boolean,
    anular boolean,
    id_tecnico integer
);


ALTER TABLE public.permisos OWNER TO postgres;

--
-- Name: permisos_id_permiso_seq; Type: SEQUENCE; Schema: public; Owner: postgres
--

CREATE SEQUENCE permisos_id_permiso_seq
    START WITH 1
    INCREMENT BY 1
    NO MINVALUE
    NO MAXVALUE
    CACHE 1;


ALTER TABLE public.permisos_id_permiso_seq OWNER TO postgres;

--
-- Name: permisos_id_permiso_seq; Type: SEQUENCE OWNED BY; Schema: public; Owner: postgres
--

ALTER SEQUENCE permisos_id_permiso_seq OWNED BY permisos.id_permiso;


--
-- Name: tecnicos; Type: TABLE; Schema: public; Owner: postgres; Tablespace: 
--

CREATE TABLE tecnicos (
    id_tecnico smallint NOT NULL,
    cedula integer NOT NULL,
    nombres character varying(25),
    apellidos character varying,
    id_perfil_tecnico smallint,
    id_area_solucion smallint,
    correo_electronico_tecnico character varying(100),
    id_estatus integer
);


ALTER TABLE public.tecnicos OWNER TO postgres;

--
-- Name: permisos_view; Type: VIEW; Schema: public; Owner: postgres
--

CREATE VIEW permisos_view AS
    SELECT permisos.id_permiso, pantallas.pantalla, permisos.acceso, permisos.incluir, permisos.modificar, permisos.buscar, permisos.imprimir, permisos.eliminar, permisos.anular, tecnicos.nombres, tecnicos.cedula, tecnicos.apellidos FROM permisos, pantallas, tecnicos WHERE ((permisos.id_pantalla = pantallas.id_pantalla) AND (permisos.id_tecnico = tecnicos.id_tecnico)) ORDER BY tecnicos.id_tecnico;


ALTER TABLE public.permisos_view OWNER TO postgres;

--
-- Name: sugerencias; Type: TABLE; Schema: public; Owner: postgres; Tablespace: 
--

CREATE TABLE sugerencias (
    id_sugerencia integer NOT NULL,
    sugerencia character varying(400),
    cedula integer NOT NULL
);


ALTER TABLE public.sugerencias OWNER TO postgres;

--
-- Name: sugerencias_id_sugerencia_seq; Type: SEQUENCE; Schema: public; Owner: postgres
--

CREATE SEQUENCE sugerencias_id_sugerencia_seq
    START WITH 1
    INCREMENT BY 1
    MINVALUE 0
    NO MAXVALUE
    CACHE 1;


ALTER TABLE public.sugerencias_id_sugerencia_seq OWNER TO postgres;

--
-- Name: sugerencias_id_sugerencia_seq; Type: SEQUENCE OWNED BY; Schema: public; Owner: postgres
--

ALTER SEQUENCE sugerencias_id_sugerencia_seq OWNED BY sugerencias.id_sugerencia;


--
-- Name: tecnicos_id_tecnico_seq; Type: SEQUENCE; Schema: public; Owner: postgres
--

CREATE SEQUENCE tecnicos_id_tecnico_seq
    START WITH 1
    INCREMENT BY 1
    NO MINVALUE
    NO MAXVALUE
    CACHE 1;


ALTER TABLE public.tecnicos_id_tecnico_seq OWNER TO postgres;

--
-- Name: tecnicos_id_tecnico_seq; Type: SEQUENCE OWNED BY; Schema: public; Owner: postgres
--

ALTER SEQUENCE tecnicos_id_tecnico_seq OWNED BY tecnicos.id_tecnico;


--
-- Name: tickets; Type: TABLE; Schema: public; Owner: postgres; Tablespace: 
--

CREATE TABLE tickets (
    id_ticket integer NOT NULL,
    descripcion character varying(400) NOT NULL,
    fecha_creacion date,
    hora_creacion time without time zone,
    cedula_usuario integer,
    id_estatus smallint,
    nombres_apellidos character varying(60),
    fecha_solucion date,
    hora_solucion time without time zone,
    correo_electronico_usuario character varying(100)
);


ALTER TABLE public.tickets OWNER TO postgres;

--
-- Name: tickets_id_ticket_seq; Type: SEQUENCE; Schema: public; Owner: postgres
--

CREATE SEQUENCE tickets_id_ticket_seq
    START WITH 1
    INCREMENT BY 1
    MINVALUE 0
    NO MAXVALUE
    CACHE 1;


ALTER TABLE public.tickets_id_ticket_seq OWNER TO postgres;

--
-- Name: tickets_id_ticket_seq; Type: SEQUENCE OWNED BY; Schema: public; Owner: postgres
--

ALTER SEQUENCE tickets_id_ticket_seq OWNED BY tickets.id_ticket;


--
-- Name: tickets_x_tecnicos; Type: TABLE; Schema: public; Owner: postgres; Tablespace: 
--

CREATE TABLE tickets_x_tecnicos (
    id_ticket_x_tecnico integer NOT NULL,
    id_ticket integer,
    id_tecnico smallint,
    fecha_asignacion date,
    hora_asignacion time without time zone,
    fecha_cierre date,
    hora_cierre time without time zone,
    mensaje_solucion_atencion character varying(400),
    id_estatus_x_tecnico integer
);


ALTER TABLE public.tickets_x_tecnicos OWNER TO postgres;

--
-- Name: tickets_x_tecnicos_id_ticket_x_tecnico_seq; Type: SEQUENCE; Schema: public; Owner: postgres
--

CREATE SEQUENCE tickets_x_tecnicos_id_ticket_x_tecnico_seq
    START WITH 1
    INCREMENT BY 1
    MINVALUE 0
    NO MAXVALUE
    CACHE 1;


ALTER TABLE public.tickets_x_tecnicos_id_ticket_x_tecnico_seq OWNER TO postgres;

--
-- Name: tickets_x_tecnicos_id_ticket_x_tecnico_seq; Type: SEQUENCE OWNED BY; Schema: public; Owner: postgres
--

ALTER SEQUENCE tickets_x_tecnicos_id_ticket_x_tecnico_seq OWNED BY tickets_x_tecnicos.id_ticket_x_tecnico;


--
-- Name: tipos_pantallas; Type: TABLE; Schema: public; Owner: postgres; Tablespace: 
--

CREATE TABLE tipos_pantallas (
    id_tipos_pantallas integer NOT NULL,
    descripcion character varying(100)
);


ALTER TABLE public.tipos_pantallas OWNER TO postgres;

--
-- Name: tipos_pantallas_id_tipos_pantallas_seq; Type: SEQUENCE; Schema: public; Owner: postgres
--

CREATE SEQUENCE tipos_pantallas_id_tipos_pantallas_seq
    START WITH 1
    INCREMENT BY 1
    NO MINVALUE
    NO MAXVALUE
    CACHE 1;


ALTER TABLE public.tipos_pantallas_id_tipos_pantallas_seq OWNER TO postgres;

--
-- Name: tipos_pantallas_id_tipos_pantallas_seq; Type: SEQUENCE OWNED BY; Schema: public; Owner: postgres
--

ALTER SEQUENCE tipos_pantallas_id_tipos_pantallas_seq OWNED BY tipos_pantallas.id_tipos_pantallas;


--
-- Name: usuarios; Type: TABLE; Schema: public; Owner: postgres; Tablespace: 
--

CREATE TABLE usuarios (
    id_usuario integer NOT NULL,
    cedula integer,
    nombres character varying,
    apellidos character varying,
    imagen character varying,
    id_departamento smallint,
    clave character varying,
    foto_imagen character varying(45),
    usuario character varying(45)
);


ALTER TABLE public.usuarios OWNER TO postgres;

--
-- Name: usuario_id_usuario_seq; Type: SEQUENCE; Schema: public; Owner: postgres
--

CREATE SEQUENCE usuario_id_usuario_seq
    START WITH 1
    INCREMENT BY 1
    NO MINVALUE
    NO MAXVALUE
    CACHE 1;


ALTER TABLE public.usuario_id_usuario_seq OWNER TO postgres;

--
-- Name: usuario_id_usuario_seq; Type: SEQUENCE OWNED BY; Schema: public; Owner: postgres
--

ALTER SEQUENCE usuario_id_usuario_seq OWNED BY usuarios.id_usuario;


--
-- Name: id_apelacion; Type: DEFAULT; Schema: public; Owner: postgres
--

ALTER TABLE ONLY apelaciones ALTER COLUMN id_apelacion SET DEFAULT nextval('apelaciones_id_apelacion_seq'::regclass);


--
-- Name: id_apelacion_x_tecnico; Type: DEFAULT; Schema: public; Owner: postgres
--

ALTER TABLE ONLY apelaciones_x_tecnicos ALTER COLUMN id_apelacion_x_tecnico SET DEFAULT nextval('apelaciones_x_tecnicos_id_apelacion_x_tecnico_seq'::regclass);


--
-- Name: id_area_solucion; Type: DEFAULT; Schema: public; Owner: postgres
--

ALTER TABLE ONLY areas_solucion ALTER COLUMN id_area_solucion SET DEFAULT nextval('areas_solucion_id_area_solucion_seq'::regclass);


--
-- Name: id_auditoria; Type: DEFAULT; Schema: public; Owner: postgres
--

ALTER TABLE ONLY auditoria ALTER COLUMN id_auditoria SET DEFAULT nextval('auditoria_id_auditoria_seq'::regclass);


--
-- Name: id_estatus; Type: DEFAULT; Schema: public; Owner: postgres
--

ALTER TABLE ONLY estatus ALTER COLUMN id_estatus SET DEFAULT nextval('estatus_id_estatus_seq'::regclass);


--
-- Name: id_pantalla; Type: DEFAULT; Schema: public; Owner: postgres
--

ALTER TABLE ONLY pantallas ALTER COLUMN id_pantalla SET DEFAULT nextval('pantallas_id_pantalla_seq'::regclass);


--
-- Name: id_perfil_tecnico; Type: DEFAULT; Schema: public; Owner: postgres
--

ALTER TABLE ONLY perfil_tecnico ALTER COLUMN id_perfil_tecnico SET DEFAULT nextval('perfil_tecnico_id_perfil_tecnico_seq'::regclass);


--
-- Name: id_permiso; Type: DEFAULT; Schema: public; Owner: postgres
--

ALTER TABLE ONLY permisos ALTER COLUMN id_permiso SET DEFAULT nextval('permisos_id_permiso_seq'::regclass);


--
-- Name: id_sugerencia; Type: DEFAULT; Schema: public; Owner: postgres
--

ALTER TABLE ONLY sugerencias ALTER COLUMN id_sugerencia SET DEFAULT nextval('sugerencias_id_sugerencia_seq'::regclass);


--
-- Name: id_tecnico; Type: DEFAULT; Schema: public; Owner: postgres
--

ALTER TABLE ONLY tecnicos ALTER COLUMN id_tecnico SET DEFAULT nextval('tecnicos_id_tecnico_seq'::regclass);


--
-- Name: id_ticket; Type: DEFAULT; Schema: public; Owner: postgres
--

ALTER TABLE ONLY tickets ALTER COLUMN id_ticket SET DEFAULT nextval('tickets_id_ticket_seq'::regclass);


--
-- Name: id_ticket_x_tecnico; Type: DEFAULT; Schema: public; Owner: postgres
--

ALTER TABLE ONLY tickets_x_tecnicos ALTER COLUMN id_ticket_x_tecnico SET DEFAULT nextval('tickets_x_tecnicos_id_ticket_x_tecnico_seq'::regclass);


--
-- Name: id_tipos_pantallas; Type: DEFAULT; Schema: public; Owner: postgres
--

ALTER TABLE ONLY tipos_pantallas ALTER COLUMN id_tipos_pantallas SET DEFAULT nextval('tipos_pantallas_id_tipos_pantallas_seq'::regclass);


--
-- Name: id_usuario; Type: DEFAULT; Schema: public; Owner: postgres
--

ALTER TABLE ONLY usuarios ALTER COLUMN id_usuario SET DEFAULT nextval('usuario_id_usuario_seq'::regclass);


--
-- Data for Name: apelaciones; Type: TABLE DATA; Schema: public; Owner: postgres
--

COPY apelaciones (id_apelacion, id_ticket, fecha_apelacion, hora_apelacion, observacion_apelacion) FROM stdin;
1	2	2015-05-19	08:57:21.901393	ejemplo de apelación con correo soporte
\.


--
-- Name: apelaciones_id_apelacion_seq; Type: SEQUENCE SET; Schema: public; Owner: postgres
--

SELECT pg_catalog.setval('apelaciones_id_apelacion_seq', 1, true);


--
-- Data for Name: apelaciones_x_tecnicos; Type: TABLE DATA; Schema: public; Owner: postgres
--

COPY apelaciones_x_tecnicos (id_apelacion_x_tecnico, id_apelacion, id_tecnico, fecha_solucion, hora_solucion, mensaje_solucion, fecha_asignacion_apelacion, hora_asignacion_apelacion, id_estatus_apelacion_x_tecnico) FROM stdin;
1	1	13	2015-05-19	08:59:34.413034	Ejemplo de registro apelación	2015-05-19	08:57:59.127136	7
\.


--
-- Name: apelaciones_x_tecnicos_id_apelacion_x_tecnico_seq; Type: SEQUENCE SET; Schema: public; Owner: postgres
--

SELECT pg_catalog.setval('apelaciones_x_tecnicos_id_apelacion_x_tecnico_seq', 1, true);


--
-- Data for Name: areas_solucion; Type: TABLE DATA; Schema: public; Owner: postgres
--

COPY areas_solucion (id_area_solucion, nombre_area_solucion, descripcion_area_solucion, telefono_principal, telefono_alternativo, id_estatus) FROM stdin;
10	APLICACIONES Y DESARROLLO	ÁREA VINCULADA AL DESARROLLO Y MANTENIMIENTO DE APLICACIONES Y SOLUCIONES EN LA EMPRESA	1080	1081	10
12	SOPORTE TÉCNICO Y ASISTENCIA AL USUARIO	ÁREA VINCULADA A LA ASISTENCIA TÉCNICA AL USUARIO FINAL DE LA EMPRESA	1080	1081	10
11	REDES Y PLATAFORMA	ÁREA VINCULADA A LA INFRAESTRUCTURA TECNOLÓGICA DE LA EMPRESA\n	1080	1081	9
\.


--
-- Name: areas_solucion_id_area_solucion_seq; Type: SEQUENCE SET; Schema: public; Owner: postgres
--

SELECT pg_catalog.setval('areas_solucion_id_area_solucion_seq', 13, true);


--
-- Data for Name: auditoria; Type: TABLE DATA; Schema: public; Owner: postgres
--

COPY auditoria (id_auditoria, usuario_sistema, ip, fecha_hora, proceso_ejecutado, tabla_afectada, id_campo_tabla, descripcion_proceso) FROM stdin;
1	gsantucci	10.0.2.26	2015-05-18 11:09:22.10288	Registrar Ticket	tickets	1	Ejecutó Inserción
2	gsantucci	10.0.2.26	2015-05-18 11:09:41.919251	Asignar Ticket	tickets_x_tecnicos	1	Ejecutó Inserción
3	gsantucci	10.0.2.26	2015-05-18 11:09:58.197279	Solución ticket	tickets_x_tecnico	1	Ejecutó Inserción
4	gsantucci	10.0.2.26	2015-05-18 11:11:17.101632	Cierre Tickets	tickets	0	Ejecutó Inserción
5	gsantucci	10.0.2.26	2015-05-19 08:56:26.335547	Registrar Ticket	tickets	2	Ejecutó Inserción
6	gsantucci	10.0.2.26	2015-05-19 08:57:03.770058	Registrar Sugerencia	sugerencias	115	Ejecutó Inserción
7	gsantucci	10.0.2.26	2015-05-19 08:57:21.901393	Registrar Apelación	apelaciones	1	Ejecutó Inserción
8	gsantucci	10.0.2.26	2015-05-19 08:57:51.250975	Asignar Ticket	tickets_x_tecnicos	2	Ejecutó Inserción
9	gsantucci	10.0.2.26	2015-05-19 08:57:59.127136	Asignar apelación	apelaciones_x_tecnicos	1	Ejecutó Inserción
10	gsantucci	10.0.2.26	2015-05-19 08:58:51.857001	Solución ticket	tickets_x_tecnico	2	Ejecutó Inserción
11	gsantucci	10.0.2.26	2015-05-19 08:59:34.413034	Solución Apelación	apelaciones_x_tecnicos	1	Ejecutó Inserción
12	gsantucci	10.0.2.26	2015-05-19 09:00:42.204787	Revocar apelación	apelaciones_x_tecnicos	\N	Ejecutó Anulación
13	gsantucci	10.0.2.26	2015-05-19 09:00:57.50321	Revocar apelación	apelaciones_x_tecnicos	\N	Ejecutó Anulación
14	gsantucci	10.0.2.26	2015-05-19 09:58:46.939306	Revocar apelación	apelaciones_x_tecnicos	\N	Ejecutó Anulación
15	gsantucci	10.0.2.26	2015-05-20 09:16:26.955045	Registrar Ticket	tickets	3	Ejecutó Inserción
16	gsantucci	10.0.2.26	2015-05-21 15:36:17.321363	Registrar Ticket	tickets	4	Ejecutó Inserción
17	gsantucci	10.0.2.26	2015-05-21 15:36:27.509052	Asignar Ticket	tickets_x_tecnicos	3	Ejecutó Inserción
18	drodriguez	10.0.2.8	2015-05-21 15:37:28.164258	Solución ticket	tickets_x_tecnico	3	Ejecutó Inserción
19	gsantucci	10.0.2.26	2015-05-21 15:38:35.420836	Asignar Ticket	tickets_x_tecnicos	4	Ejecutó Inserción
20	gsantucci	10.0.2.26	2015-05-21 15:38:40.782155	Asignar Ticket	tickets_x_tecnicos	5	Ejecutó Inserción
21	gsantucci	10.0.2.26	2015-05-21 15:38:40.85074	\N	tickets_x_tecnicos	5	\N
22	gsantucci	10.0.2.26	2015-05-21 15:39:08.877742	Solución ticket	tickets_x_tecnico	4	Ejecutó Inserción
23	drodriguez	10.0.2.8	2015-05-21 15:40:13.893331	Solución ticket	tickets_x_tecnico	5	Ejecutó Inserción
24	gsantucci	10.0.2.26	2015-05-22 12:51:01.737285	Registrar Ticket	tickets	5	Ejecutó Inserción
25	gsantucci	10.0.2.26	2015-05-22 12:51:17.246088	Registrar Ticket	tickets	6	Ejecutó Inserción
26	gsantucci	10.0.2.26	2015-05-22 12:51:29.251078	Registrar Ticket	tickets	7	Ejecutó Inserción
27	gsantucci	10.0.2.26	2015-05-22 12:51:43.833188	Registrar Ticket	tickets	8	Ejecutó Inserción
28	gsantucci	10.0.2.26	2015-05-22 12:52:22.796437	Registrar Ticket	tickets	9	Ejecutó Inserción
29	gsantucci	10.0.2.26	2015-05-22 12:52:34.549448	Registrar Ticket	tickets	10	Ejecutó Inserción
30	gsantucci	10.0.2.26	2015-05-22 12:52:49.574742	Asignar Ticket	tickets_x_tecnicos	6	Ejecutó Inserción
31	gsantucci	10.0.2.26	2015-05-22 12:52:58.964621	Asignar Ticket	tickets_x_tecnicos	7	Ejecutó Inserción
32	gsantucci	10.0.2.26	2015-05-22 12:53:06.825212	Asignar Ticket	tickets_x_tecnicos	8	Ejecutó Inserción
33	gsantucci	10.0.2.26	2015-05-22 12:53:20.980942	Asignar Ticket	tickets_x_tecnicos	9	Ejecutó Inserción
34	gsantucci	10.0.2.26	2015-05-22 12:53:32.55518	Asignar Ticket	tickets_x_tecnicos	10	Ejecutó Inserción
35	gsantucci	10.0.2.26	2015-05-22 12:53:44.962098	Asignar Ticket	tickets_x_tecnicos	11	Ejecutó Inserción
36	gsantucci	10.0.2.26	2015-05-22 12:54:01.140384	Solución ticket	tickets_x_tecnico	6	Ejecutó Inserción
37	gsantucci	10.0.2.26	2015-05-22 12:54:42.103031	Solución ticket	tickets_x_tecnico	7	Ejecutó Inserción
38	gsantucci	10.0.2.26	2015-05-22 12:55:00.666695	Solución ticket	tickets_x_tecnico	8	Ejecutó Inserción
39	gsantucci	10.0.2.26	2015-05-22 12:55:18.794622	Solución ticket	tickets_x_tecnico	9	Ejecutó Inserción
40	gsantucci	10.0.2.26	2015-05-22 12:55:34.707663	Solución ticket	tickets_x_tecnico	10	Ejecutó Inserción
41	gsantucci	10.0.2.26	2015-05-22 12:55:53.812029	Solución ticket	tickets_x_tecnico	11	Ejecutó Inserción
42	gsantucci	10.0.2.26	2015-05-25 09:33:46.319425	Registrar Ticket	tickets	11	Ejecutó Inserción
43	gsantucci	10.0.2.26	2015-05-25 09:35:43.264684	Registrar Ticket	tickets	12	Ejecutó Inserción
44	gsantucci	10.0.2.26	2015-05-25 09:35:56.650864	Registrar Ticket	tickets	13	Ejecutó Inserción
45	gsantucci	10.0.2.26	2015-05-25 09:36:09.375391	Registrar Ticket	tickets	14	Ejecutó Inserción
46	gsantucci	10.0.2.26	2015-05-25 09:36:25.533454	Asignar Ticket	tickets_x_tecnicos	12	Ejecutó Inserción
47	gsantucci	10.0.2.26	2015-05-25 09:36:34.362104	Asignar Ticket	tickets_x_tecnicos	13	Ejecutó Inserción
48	gsantucci	10.0.2.26	2015-05-25 09:36:42.395643	Asignar Ticket	tickets_x_tecnicos	14	Ejecutó Inserción
49	gsantucci	10.0.2.26	2015-05-25 09:36:50.137	Asignar Ticket	tickets_x_tecnicos	15	Ejecutó Inserción
50	drodriguez	10.0.2.8	2015-05-25 09:45:06.60526	Solución ticket	tickets_x_tecnico	12	Ejecutó Inserción
51	drodriguez	10.0.2.8	2015-05-25 09:45:34.730805	Solución ticket	tickets_x_tecnico	13	Ejecutó Inserción
52	drodriguez	10.0.2.8	2015-05-25 09:45:54.271263	Solución ticket	tickets_x_tecnico	14	Ejecutó Inserción
53	gsantucci	10.0.2.26	2015-05-25 09:56:15.917317	Cierre Tickets	tickets	0	Ejecutó Inserción
\.


--
-- Name: auditoria_id_auditoria_seq; Type: SEQUENCE SET; Schema: public; Owner: postgres
--

SELECT pg_catalog.setval('auditoria_id_auditoria_seq', 53, true);


--
-- Data for Name: departamentos; Type: TABLE DATA; Schema: public; Owner: postgres
--

COPY departamentos (id_departamento, departamento, telefono_principal, telefono_alternativo) FROM stdin;
2	Tecnolog&iacute;a	02128732792	02128731455
3	Soporte T&eacute;cnico al Usuario	02128732792	02128732745
\.


--
-- Name: departamentos_id_departamento_seq; Type: SEQUENCE SET; Schema: public; Owner: postgres
--

SELECT pg_catalog.setval('departamentos_id_departamento_seq', 7, true);


--
-- Data for Name: estatus; Type: TABLE DATA; Schema: public; Owner: postgres
--

COPY estatus (id_estatus, estatus) FROM stdin;
1	En espera
2	Asignado
3	Atendido
4	Eliminado
5	Apelado
6	Asignado(Apelado)
7	Atendido (Apelado)
8	Revocado
9	Activo
10	Inactivo
\.


--
-- Name: estatus_id_estatus_seq; Type: SEQUENCE SET; Schema: public; Owner: postgres
--

SELECT pg_catalog.setval('estatus_id_estatus_seq', 10, true);


--
-- Data for Name: pantallas; Type: TABLE DATA; Schema: public; Owner: postgres
--

COPY pantallas (id_pantalla, pantalla, referencia, tipo_pantalla) FROM stdin;
1	Crear Ticket	crear_ticket	1
2	Mis Tickets	mis_tickets	1
3	Sugerencias	sugerencias	1
4	Admin. Tickets	admin_tickets	1
5	Tickets Solución	sol_tickets	1
6	Admin. Sistema	adminsistema	1
7	Asignación Técnicos	asignacion_tecnicos	2
8	Reportes	reportes_sistema	1
\.


--
-- Name: pantallas_id_pantalla_seq; Type: SEQUENCE SET; Schema: public; Owner: postgres
--

SELECT pg_catalog.setval('pantallas_id_pantalla_seq', 8, true);


--
-- Data for Name: perfil_tecnico; Type: TABLE DATA; Schema: public; Owner: postgres
--

COPY perfil_tecnico (id_perfil_tecnico, perfil_tecnico, id_estatus) FROM stdin;
2	Perfil 2	9
1	Perfil 1	9
7	perfil d	9
\.


--
-- Name: perfil_tecnico_id_perfil_tecnico_seq; Type: SEQUENCE SET; Schema: public; Owner: postgres
--

SELECT pg_catalog.setval('perfil_tecnico_id_perfil_tecnico_seq', 7, true);


--
-- Data for Name: permisos; Type: TABLE DATA; Schema: public; Owner: postgres
--

COPY permisos (id_permiso, id_pantalla, acceso, incluir, modificar, buscar, imprimir, eliminar, anular, id_tecnico) FROM stdin;
20	4	t	t	t	t	t	t	t	3
21	5	t	t	t	t	t	t	t	3
19	3	t	t	t	t	t	t	t	3
22	6	t	t	t	t	t	t	t	3
15	7	t	t	f	t	t	t	t	13
12	4	t	t	t	t	t	t	t	13
16	6	t	t	t	t	t	t	t	13
24	3	t	t	t	t	t	t	t	2
10	1	t	t	t	t	t	t	t	13
11	3	t	t	t	t	t	t	t	13
14	5	t	t	t	t	t	t	f	13
8	4	t	t	t	t	t	t	t	10
26	3	t	t	t	t	t	t	t	1
28	5	t	t	t	t	t	t	t	1
25	1	t	t	t	t	t	t	t	1
29	6	t	t	t	t	t	t	t	1
30	1	t	t	t	t	t	t	t	2
31	2	t	t	t	t	t	t	t	2
9	4	t	t	t	t	t	t	t	2
32	5	t	t	t	t	t	t	t	2
33	6	t	t	t	t	t	t	t	2
34	7	t	t	t	t	t	t	t	2
35	1	t	t	t	t	t	t	t	10
36	2	t	t	t	t	t	t	t	10
37	3	t	t	t	t	t	t	t	10
13	2	t	t	t	t	t	t	t	13
38	5	t	t	t	t	t	t	t	10
39	6	t	t	t	t	t	t	t	10
40	7	t	t	t	t	t	t	t	10
17	1	t	t	t	t	t	t	t	3
23	7	t	t	t	t	t	t	t	3
41	1	t	t	t	t	t	t	t	6
42	2	t	t	t	t	t	t	t	6
43	3	t	t	t	t	t	t	t	6
44	4	t	t	t	t	t	t	t	6
45	5	t	t	t	t	t	t	t	6
46	6	t	t	t	t	t	t	t	6
47	7	t	t	t	t	t	t	t	6
1	2	t	t	t	t	t	t	t	1
27	4	t	t	t	t	t	t	t	1
48	7	t	t	t	t	t	t	t	1
56	1	t	t	t	t	t	t	t	8
57	2	t	t	t	t	t	t	t	8
58	3	t	t	t	t	t	t	t	8
59	4	t	t	t	t	t	t	t	8
60	5	t	t	t	t	t	t	t	8
61	6	t	t	t	t	t	t	t	8
62	7	t	t	t	t	t	t	t	8
63	2	t	t	t	t	t	t	t	4
64	1	t	t	t	t	t	t	t	4
65	3	t	t	t	t	t	t	t	4
66	4	t	t	t	t	t	t	t	4
67	5	t	t	t	t	t	t	t	4
68	6	t	t	t	t	t	t	t	4
69	7	t	t	t	t	t	t	t	4
70	1	t	t	t	t	t	t	t	9
71	2	t	t	t	t	t	t	t	9
72	3	t	t	t	t	t	t	t	9
73	4	t	t	t	t	t	t	t	9
74	5	t	t	t	t	t	t	t	9
75	6	t	t	t	t	t	t	t	9
76	7	t	t	t	t	t	t	t	9
18	2	t	t	t	t	t	t	t	3
77	8	t	t	t	t	t	t	t	13
\.


--
-- Name: permisos_id_permiso_seq; Type: SEQUENCE SET; Schema: public; Owner: postgres
--

SELECT pg_catalog.setval('permisos_id_permiso_seq', 77, true);


--
-- Data for Name: sugerencias; Type: TABLE DATA; Schema: public; Owner: postgres
--

COPY sugerencias (id_sugerencia, sugerencia, cedula) FROM stdin;
115	asfdasdfasdfasdfasfd	19390000
1	ejemplo de sugerencia	18042153
\.


--
-- Name: sugerencias_id_sugerencia_seq; Type: SEQUENCE SET; Schema: public; Owner: postgres
--

SELECT pg_catalog.setval('sugerencias_id_sugerencia_seq', 1, true);


--
-- Data for Name: tecnicos; Type: TABLE DATA; Schema: public; Owner: postgres
--

COPY tecnicos (id_tecnico, cedula, nombres, apellidos, id_perfil_tecnico, id_area_solucion, correo_electronico_tecnico, id_estatus) FROM stdin;
6	17926962	Diego	Pereira	1	10	dpereira@avilatv.gob.ve	9
8	15337666	Jean Carlos	Agudelo	1	11	jagudelo@avilatv.gob.ve	9
9	6730648	William	V&aacute;squez	1	10	wvasquez@avilatv.gob.ve	9
1	22567953	Douglas Joel	Rodríguez Gonzalez	2	11	drodriguez@avilatv.gob.ve	9
2	16135123	Alfonso	Orosco	2	11	aorosco@avilatv.gob.ve	9
13	18042153	Gianni Dario	Santucci Carrillo	1	10	gsantucci@avilatv.gob.ve	9
4	17423452	Jessica	Hernandez	2	11	jhernandez@avilatv.gob.ve	9
20	17488387	EJM	Ejm	1	11	prueba	9
21	17488351	otro ejem	otro ejem	1	11	1	9
22	14753951	Pedro	Perez	1	11	2	9
18	23423423	prueba	prueba	1	11	sdfsdfs@hasdfasdf.com	9
3	19390000	Carlos	Medina	1	10	cmedina@avilatv.gob.ve	9
10	6113160	Arturo	Acuña	1	11	aacuna@avilatv.gob.ve	9
23	17456748	Ejem de tecnico	Ejm de tecnico	1	11	gdsc12987@hotmail.com	9
25	17456478	Ejem de tecnico 	Ejem de tecnico	1	11	gdsc12987@hotmail.com	9
27	17456133	Francesca	Hernandez	1	11	gdsc12987@hotmail.com	9
29	14456321	Lilibeth	Garcia	1	11	gdsc12987@hotmail.com	9
31	14654321	Marie	Moro	1	11	gdsc12987@hotmail.com	9
33	12412456	Gisselle	Manzo	1	11	gdsc12987@hotmail.com	9
35	14555411	Rosalinda	Serrano	1	11	gdsc12987@hotmail.com	9
\.


--
-- Name: tecnicos_id_tecnico_seq; Type: SEQUENCE SET; Schema: public; Owner: postgres
--

SELECT pg_catalog.setval('tecnicos_id_tecnico_seq', 36, true);


--
-- Data for Name: tickets; Type: TABLE DATA; Schema: public; Owner: postgres
--

COPY tickets (id_ticket, descripcion, fecha_creacion, hora_creacion, cedula_usuario, id_estatus, nombres_apellidos, fecha_solucion, hora_solucion, correo_electronico_usuario) FROM stdin;
1	prueba de registro de ticket local	2015-05-18	11:09:22.10288	18042153	3	Gianni D. Santucci Carrillo	2015-05-18	11:11:17.101632	gsantucci@avilatv.gob.ve
14	Ticket prueba 4	2015-05-25	09:36:09.375391	18042153	2	Gianni D. Santucci Carrillo	\N	\N	gsantucci@avilatv.gob.ve
2	Prueba de envío de ticket correo soporte	2015-05-19	08:56:26.335547	18042153	3	Gianni D. Santucci Carrillo	2015-05-25	09:56:15.917317	gsantucci@avilatv.gob.ve
4	prueba ticket douglas	2015-05-21	15:36:17.321363	18042153	3	Gianni D. Santucci Carrillo	2015-05-25	09:56:15.917317	gsantucci@avilatv.gob.ve
3	Prueba de ejemplo ticket 4 soporte	2015-05-20	09:16:26.955045	18042153	3	Gianni D. Santucci Carrillo	2015-05-25	09:56:15.917317	gsantucci@avilatv.gob.ve
10	prueba ticket 6	2015-05-22	12:52:34.549448	18042153	3	Gianni D. Santucci Carrillo	2015-05-25	09:56:15.917317	gsantucci@avilatv.gob.ve
9	prueba ticket 5	2015-05-22	12:52:22.796437	18042153	3	Gianni D. Santucci Carrillo	2015-05-25	09:56:15.917317	gsantucci@avilatv.gob.ve
8	prueba ticket 4	2015-05-22	12:51:43.833188	18042153	3	Gianni D. Santucci Carrillo	2015-05-25	09:56:15.917317	gsantucci@avilatv.gob.ve
7	prueba ticket 3	2015-05-22	12:51:29.251078	18042153	3	Gianni D. Santucci Carrillo	2015-05-25	09:56:15.917317	gsantucci@avilatv.gob.ve
6	prueba ticket 2	2015-05-22	12:51:17.246088	18042153	3	Gianni D. Santucci Carrillo	2015-05-25	09:56:15.917317	gsantucci@avilatv.gob.ve
5	prueba de ticket 1	2015-05-22	12:51:01.737285	18042153	3	Gianni D. Santucci Carrillo	2015-05-25	09:56:15.917317	gsantucci@avilatv.gob.ve
11	Ticket siguiente de prueba 1	2015-05-25	09:33:46.319425	18042153	3	Gianni D. Santucci Carrillo	2015-05-25	09:56:15.917317	gsantucci@avilatv.gob.ve
12	Ticket prueba 2	2015-05-25	09:35:43.264684	18042153	3	Gianni D. Santucci Carrillo	2015-05-25	09:56:15.917317	gsantucci@avilatv.gob.ve
13	Ticket prueba 3	2015-05-25	09:35:56.650864	18042153	3	Gianni D. Santucci Carrillo	2015-05-25	09:56:15.917317	gsantucci@avilatv.gob.ve
\.


--
-- Name: tickets_id_ticket_seq; Type: SEQUENCE SET; Schema: public; Owner: postgres
--

SELECT pg_catalog.setval('tickets_id_ticket_seq', 14, true);


--
-- Data for Name: tickets_x_tecnicos; Type: TABLE DATA; Schema: public; Owner: postgres
--

COPY tickets_x_tecnicos (id_ticket_x_tecnico, id_ticket, id_tecnico, fecha_asignacion, hora_asignacion, fecha_cierre, hora_cierre, mensaje_solucion_atencion, id_estatus_x_tecnico) FROM stdin;
1	1	13	2015-05-18	11:09:41.919251	2015-05-18	11:09:58.197279	caso resuelto de forma efectiva	3
2	2	13	2015-05-19	08:57:51.250975	2015-05-19	08:58:51.857001	respuesta de ticket soporte	3
3	4	1	2015-05-21	15:36:27.509052	2015-05-21	15:37:28.164258	BUBU  va en camino a resolver	3
4	3	13	2015-05-21	15:38:35.420836	2015-05-21	15:39:08.877742	su caso ha sido solventado de manera exitosa.	3
5	3	1	2015-05-21	15:38:40.782155	2015-05-21	15:40:13.893331	prueba exitosa   sdfs  sdd	3
6	10	13	2015-05-22	12:52:49.574742	2015-05-22	12:54:01.140384	respuesta ticket 6	3
7	9	13	2015-05-22	12:52:58.964621	2015-05-22	12:54:42.103031	respuesta ticket 5	3
8	8	13	2015-05-22	12:53:06.825212	2015-05-22	12:55:00.666695	respuesta ticket 4	3
15	14	1	2015-05-25	09:36:50.137	\N	\N	\N	2
12	11	1	2015-05-25	09:36:25.533454	2015-05-25	09:45:06.60526	Ticket siguiente de prueba 1 Ticket siguiente de prueba 1 s	3
13	12	1	2015-05-25	09:36:34.362104	2015-05-25	09:45:34.730805	Ticket prueba 2 c Ticket prueba 2 c Ticket prueba 2	3
14	13	1	2015-05-25	09:36:42.395643	2015-05-25	09:45:54.271263	Ticket prueba 3 Ticket prueba 3 Ticket prueba 3 s	3
9	7	13	2015-05-22	12:53:20.980942	2015-05-22	12:55:18.794622	respuesta ticket 3	3
10	6	13	2015-05-22	12:53:32.55518	2015-05-22	12:55:34.707663	respuesta ticket 2	3
11	5	13	2015-05-22	12:53:44.962098	2015-05-22	12:55:53.812029	respuesta ticket 1	3
\.


--
-- Name: tickets_x_tecnicos_id_ticket_x_tecnico_seq; Type: SEQUENCE SET; Schema: public; Owner: postgres
--

SELECT pg_catalog.setval('tickets_x_tecnicos_id_ticket_x_tecnico_seq', 15, true);


--
-- Data for Name: tipos_pantallas; Type: TABLE DATA; Schema: public; Owner: postgres
--

COPY tipos_pantallas (id_tipos_pantallas, descripcion) FROM stdin;
1	Tabs
2	Modals
3	Otras
\.


--
-- Name: tipos_pantallas_id_tipos_pantallas_seq; Type: SEQUENCE SET; Schema: public; Owner: postgres
--

SELECT pg_catalog.setval('tipos_pantallas_id_tipos_pantallas_seq', 3, true);


--
-- Name: usuario_id_usuario_seq; Type: SEQUENCE SET; Schema: public; Owner: postgres
--

SELECT pg_catalog.setval('usuario_id_usuario_seq', 1, true);


--
-- Data for Name: usuarios; Type: TABLE DATA; Schema: public; Owner: postgres
--

COPY usuarios (id_usuario, cedula, nombres, apellidos, imagen, id_departamento, clave, foto_imagen, usuario) FROM stdin;
\.


--
-- Name: apelaciones_pkey; Type: CONSTRAINT; Schema: public; Owner: postgres; Tablespace: 
--

ALTER TABLE ONLY apelaciones
    ADD CONSTRAINT apelaciones_pkey PRIMARY KEY (id_apelacion);


--
-- Name: apelaciones_x_tecnicos_pkey; Type: CONSTRAINT; Schema: public; Owner: postgres; Tablespace: 
--

ALTER TABLE ONLY apelaciones_x_tecnicos
    ADD CONSTRAINT apelaciones_x_tecnicos_pkey PRIMARY KEY (id_apelacion_x_tecnico);


--
-- Name: areas_solucion_pkey; Type: CONSTRAINT; Schema: public; Owner: postgres; Tablespace: 
--

ALTER TABLE ONLY areas_solucion
    ADD CONSTRAINT areas_solucion_pkey PRIMARY KEY (id_area_solucion);


--
-- Name: auditoria_pkey; Type: CONSTRAINT; Schema: public; Owner: postgres; Tablespace: 
--

ALTER TABLE ONLY auditoria
    ADD CONSTRAINT auditoria_pkey PRIMARY KEY (id_auditoria);


--
-- Name: cedula_UNIQUE; Type: CONSTRAINT; Schema: public; Owner: postgres; Tablespace: 
--

ALTER TABLE ONLY tecnicos
    ADD CONSTRAINT "cedula_UNIQUE" UNIQUE (cedula);


--
-- Name: departamentos_pkey; Type: CONSTRAINT; Schema: public; Owner: postgres; Tablespace: 
--

ALTER TABLE ONLY departamentos
    ADD CONSTRAINT departamentos_pkey PRIMARY KEY (id_departamento);


--
-- Name: estatus_pkey; Type: CONSTRAINT; Schema: public; Owner: postgres; Tablespace: 
--

ALTER TABLE ONLY estatus
    ADD CONSTRAINT estatus_pkey PRIMARY KEY (id_estatus);


--
-- Name: pantallas_pkey; Type: CONSTRAINT; Schema: public; Owner: postgres; Tablespace: 
--

ALTER TABLE ONLY pantallas
    ADD CONSTRAINT pantallas_pkey PRIMARY KEY (id_pantalla);


--
-- Name: perfil_tecnico_UNIQUE; Type: CONSTRAINT; Schema: public; Owner: postgres; Tablespace: 
--

ALTER TABLE ONLY perfil_tecnico
    ADD CONSTRAINT "perfil_tecnico_UNIQUE" UNIQUE (perfil_tecnico);


--
-- Name: perfil_tecnico_pkey; Type: CONSTRAINT; Schema: public; Owner: postgres; Tablespace: 
--

ALTER TABLE ONLY perfil_tecnico
    ADD CONSTRAINT perfil_tecnico_pkey PRIMARY KEY (id_perfil_tecnico);


--
-- Name: permiso_pkey; Type: CONSTRAINT; Schema: public; Owner: postgres; Tablespace: 
--

ALTER TABLE ONLY permisos
    ADD CONSTRAINT permiso_pkey PRIMARY KEY (id_permiso);


--
-- Name: sugerencias_pkey; Type: CONSTRAINT; Schema: public; Owner: postgres; Tablespace: 
--

ALTER TABLE ONLY sugerencias
    ADD CONSTRAINT sugerencias_pkey PRIMARY KEY (id_sugerencia);


--
-- Name: tecnicos_pkey; Type: CONSTRAINT; Schema: public; Owner: postgres; Tablespace: 
--

ALTER TABLE ONLY tecnicos
    ADD CONSTRAINT tecnicos_pkey PRIMARY KEY (id_tecnico);


--
-- Name: tickets_pkey; Type: CONSTRAINT; Schema: public; Owner: postgres; Tablespace: 
--

ALTER TABLE ONLY tickets
    ADD CONSTRAINT tickets_pkey PRIMARY KEY (id_ticket);


--
-- Name: tickets_x_tecnicos_pkey; Type: CONSTRAINT; Schema: public; Owner: postgres; Tablespace: 
--

ALTER TABLE ONLY tickets_x_tecnicos
    ADD CONSTRAINT tickets_x_tecnicos_pkey PRIMARY KEY (id_ticket_x_tecnico);


--
-- Name: tipos_pantallas_pkey; Type: CONSTRAINT; Schema: public; Owner: postgres; Tablespace: 
--

ALTER TABLE ONLY tipos_pantallas
    ADD CONSTRAINT tipos_pantallas_pkey PRIMARY KEY (id_tipos_pantallas);


--
-- Name: usuario_pkey; Type: CONSTRAINT; Schema: public; Owner: postgres; Tablespace: 
--

ALTER TABLE ONLY usuarios
    ADD CONSTRAINT usuario_pkey PRIMARY KEY (id_usuario);


--
-- Name: usuarios_cedula_key; Type: CONSTRAINT; Schema: public; Owner: postgres; Tablespace: 
--

ALTER TABLE ONLY usuarios
    ADD CONSTRAINT usuarios_cedula_key UNIQUE (cedula);


--
-- Name: apelaciones_x_tecnicos_id_apelacion_fkey; Type: FK CONSTRAINT; Schema: public; Owner: postgres
--

ALTER TABLE ONLY apelaciones_x_tecnicos
    ADD CONSTRAINT apelaciones_x_tecnicos_id_apelacion_fkey FOREIGN KEY (id_apelacion) REFERENCES apelaciones(id_apelacion);


--
-- Name: apelaciones_x_tecnicos_id_estatus_apelacion_x_tecnico_fkey; Type: FK CONSTRAINT; Schema: public; Owner: postgres
--

ALTER TABLE ONLY apelaciones_x_tecnicos
    ADD CONSTRAINT apelaciones_x_tecnicos_id_estatus_apelacion_x_tecnico_fkey FOREIGN KEY (id_estatus_apelacion_x_tecnico) REFERENCES estatus(id_estatus);


--
-- Name: apelaciones_x_tecnicos_id_tecnico_fkey; Type: FK CONSTRAINT; Schema: public; Owner: postgres
--

ALTER TABLE ONLY apelaciones_x_tecnicos
    ADD CONSTRAINT apelaciones_x_tecnicos_id_tecnico_fkey FOREIGN KEY (id_tecnico) REFERENCES tecnicos(id_tecnico);


--
-- Name: areas_solucion_id_estatus_fkey; Type: FK CONSTRAINT; Schema: public; Owner: postgres
--

ALTER TABLE ONLY areas_solucion
    ADD CONSTRAINT areas_solucion_id_estatus_fkey FOREIGN KEY (id_estatus) REFERENCES estatus(id_estatus);


--
-- Name: fx_tickets_tecnicos1; Type: FK CONSTRAINT; Schema: public; Owner: postgres
--

ALTER TABLE ONLY tickets_x_tecnicos
    ADD CONSTRAINT fx_tickets_tecnicos1 FOREIGN KEY (id_tecnico) REFERENCES tecnicos(id_tecnico);


--
-- Name: pantallas_tipo_pantalla_fkey; Type: FK CONSTRAINT; Schema: public; Owner: postgres
--

ALTER TABLE ONLY pantallas
    ADD CONSTRAINT pantallas_tipo_pantalla_fkey FOREIGN KEY (tipo_pantalla) REFERENCES tipos_pantallas(id_tipos_pantallas);


--
-- Name: perfil_tecnico_id_estatus_fkey; Type: FK CONSTRAINT; Schema: public; Owner: postgres
--

ALTER TABLE ONLY perfil_tecnico
    ADD CONSTRAINT perfil_tecnico_id_estatus_fkey FOREIGN KEY (id_estatus) REFERENCES estatus(id_estatus);


--
-- Name: permiso_id_pantalla_fkey; Type: FK CONSTRAINT; Schema: public; Owner: postgres
--

ALTER TABLE ONLY permisos
    ADD CONSTRAINT permiso_id_pantalla_fkey FOREIGN KEY (id_pantalla) REFERENCES pantallas(id_pantalla);


--
-- Name: permiso_id_tecnico_fkey; Type: FK CONSTRAINT; Schema: public; Owner: postgres
--

ALTER TABLE ONLY permisos
    ADD CONSTRAINT permiso_id_tecnico_fkey FOREIGN KEY (id_tecnico) REFERENCES tecnicos(id_tecnico);


--
-- Name: tecnicos_id_area_solucion_fkey; Type: FK CONSTRAINT; Schema: public; Owner: postgres
--

ALTER TABLE ONLY tecnicos
    ADD CONSTRAINT tecnicos_id_area_solucion_fkey FOREIGN KEY (id_area_solucion) REFERENCES areas_solucion(id_area_solucion);


--
-- Name: tecnicos_id_estatus_fkey; Type: FK CONSTRAINT; Schema: public; Owner: postgres
--

ALTER TABLE ONLY tecnicos
    ADD CONSTRAINT tecnicos_id_estatus_fkey FOREIGN KEY (id_estatus) REFERENCES estatus(id_estatus);


--
-- Name: tecnicos_id_perfil_tecnico_fkey; Type: FK CONSTRAINT; Schema: public; Owner: postgres
--

ALTER TABLE ONLY tecnicos
    ADD CONSTRAINT tecnicos_id_perfil_tecnico_fkey FOREIGN KEY (id_perfil_tecnico) REFERENCES perfil_tecnico(id_perfil_tecnico);


--
-- Name: tickets_id_estatus_fkey; Type: FK CONSTRAINT; Schema: public; Owner: postgres
--

ALTER TABLE ONLY tickets
    ADD CONSTRAINT tickets_id_estatus_fkey FOREIGN KEY (id_estatus) REFERENCES estatus(id_estatus) ON UPDATE CASCADE ON DELETE CASCADE;


--
-- Name: tickets_x_tecnicos_id_estatus_x_tecnico_fkey; Type: FK CONSTRAINT; Schema: public; Owner: postgres
--

ALTER TABLE ONLY tickets_x_tecnicos
    ADD CONSTRAINT tickets_x_tecnicos_id_estatus_x_tecnico_fkey FOREIGN KEY (id_estatus_x_tecnico) REFERENCES estatus(id_estatus);


--
-- Name: usuarios_id_departamento_fkey; Type: FK CONSTRAINT; Schema: public; Owner: postgres
--

ALTER TABLE ONLY usuarios
    ADD CONSTRAINT usuarios_id_departamento_fkey FOREIGN KEY (id_departamento) REFERENCES departamentos(id_departamento);


--
-- Name: public; Type: ACL; Schema: -; Owner: postgres
--

REVOKE ALL ON SCHEMA public FROM PUBLIC;
REVOKE ALL ON SCHEMA public FROM postgres;
GRANT ALL ON SCHEMA public TO postgres;
GRANT ALL ON SCHEMA public TO PUBLIC;


--
-- PostgreSQL database dump complete
--

